SITE	ZONE	LATITUDE	LONGITUDE	ET	DATE_CH	PHMA	PMVE	PMME	NM	BMME	BMVE	PBMA	RF	ORGANISME	DATE_RF	RF_ZH	RF_Ref	ZH_Ref	ZH_Elli	REFERENCE
Dunkerque	Abords de Dunkerque	51.05	2.366667	12.16		6.48	6.05	5	3.24	1.5	0.6	-0.01	N.A.L3 - 7	IGN	2013	9.504	6.811	-2.693	40.845	IGN69
Banc du Sandettié	Abords de Dunkerque	51.25	2.05	11.95		5.81	5.4	4.45	2.89	1.35	0.55	-0.02	pas de rattachement							
Dunkerque Ouest	Abords de Dunkerque	51.0225	2.180833	11.97		6.88	6.4	5.3	3.43	1.55	0.6	-0.04	pas de rattachement							
Gravelines	Abords de Dunkerque	51.016667	2.1	11.94		6.96	6.5	5.35	3.49	1.6	0.65	0.05	pas de rattachement							
Calais	Abords de Calais	50.969333	1.8675	11.76	2010	7.9	7.3	6.05	4.03	2.05	0.8	0.19	N.A.L3-159	IGN	2016	9.418	5.959	-3.459	40.007	IGN69
Wissant	Abords de Calais	50.883333	1.666667	11.53		8.62	8	6.6	4.44	2.35	1	0.39	pas de rattachement							
Boulogne-sur-Mer	Abords de Boulogne-sur-Mer	50.72745	1.5777	11.36	2017	9.67	9	7.3	5	2.7	1.15	0.39	N.BC-3 BIS	IGN	2016	12.867	8.485	-4.382	39.36	IGN69
Banc du Vergoyer	Abords de Boulogne-sur-Mer	50.594167	1.330333	11.15		9.55	8.9	7.2	4.92	2.65	1.05	0.33	pas de rattachement							
Le Touquet-Étaples	Abords de Boulogne-sur-Mer	50.5153	1.561	11.1	2012	10.14	9.45	7.6	5.2	2.8	1.15	0.36	N.C.L3-52	IGN	1982	14.58	10.135	-4.445	40.667	IGN69
Berck Plage - Fort Mahon	Abords de Boulogne-sur-Mer	50.341667	1.515833	11.05		10.54	9.75	7.85	5.37	2.95	1.15	0.29	N.C.L3 - 4A	IGN	1952		5.709			IGN69
Le Crotoy	Abords de Boulogne-sur-Mer	50.216667	1.633333				10.35	8.25					N.C.M3 - 31a	IGN	1989		7.764			IGN69
Saint-Valery-sur-Somme	Abords de Boulogne-sur-Mer	50.183333	1.616667	11.45			10.35	8.25					pas de rattachement							
Le Hourdel	Abords de Boulogne-sur-Mer	50.216667	1.566667	11.2			10.25	8.15					pas de rattachement							
Cayeux-sur-Mer	Abords de Boulogne-sur-Mer	50.183333	1.483333	10.92		10.58	9.85	8	5.49	3	1.2	0.42	pas de rattachement							
Bouée entrée Baie de Somme (AT-SO)	Abords de Boulogne-sur-Mer	50.235231	1.472297	10.9	2012	10.67	9.85	7.9	5.42	2.9	1.2	0.32	pas de rattachement							
Dieppe	Abords de Dieppe	49.93	1.085	10.73	2022	10.37	9.5	7.5	5.08	2.7	0.95	0.07	N.C.P3 - 2	IGN	2013	10.33	5.876	-4.454	39.721	IGN69
Le Tréport	Abords de Dieppe	50.066667	1.366667	10.81		10.31	9.5	7.5	5.05	2.6	0.9	0.1	N.C.N3P3 - 3	IGN	2013	10.053	5.521	-4.532	39.571	IGN69
Saint-Valery-en-Caux	Abords de Dieppe	49.883333	0.72	10.54		9.59	8.85	7	4.72	2.45	0.75	-0.05	NN' - 240	IGN	1998	14.895	10.62	-4.275		IGN69
Cherbourg	Abords de Cherbourg et du Havre	49.651167	-1.6355	7.88	2011	7.15	6.45	5.1	3.87	2.6	1.15	0.33	N.Q.Z3-3	IGN	2006	9.238	5.953	-3.285	43.713	IGN69
Fécamp	Abords de Cherbourg et du Havre	49.76235	0.36705	10.22	2012	9.27	8.55	6.95	4.96	2.85	1.25	0.4	NN'-169	IGN	1998	12.274	7.839	-4.435		IGN69
Étretat	Abords de Cherbourg et du Havre	49.713333	0.198333	10.11		8.76	8.25	6.75	4.8	2.85	1.25	0.36	N.C.T3U3 - 23	IGN	2008	11.565	7.198	-4.367		IGN69
Le Havre	Abords de Cherbourg et du Havre	49.481667	0.106167	9.85	2011	8.56	8	6.7	4.96	2.95	1.25	0.3	N.CP-15	IGN	2016	9.767	5.392	-4.375	40.651	IGN69
Le Havre-Antifer (Terminal pétrolier)	Abords de Cherbourg et du Havre	49.65	0.15	9.94		8.56	8.1	6.75	4.87	2.95	1.3	0.44	Repère du Grouin Type PAH. Rivet scellé au pied de la falaise à l'extrémité Nord Est du port pétrolier, derrière les cuves de carburant.	Shom	1990	13.377	8.967	-4.41		IGN69
Alpha-Baie de Seine	Abords de Cherbourg et du Havre	49.859731	-0.388656	9.96	2014	7.28	6.8	5.6	4.11	2.45	1.05	0.3	pas de rattachement							
PK 364,775 : Balise A	Abords de Cherbourg et du Havre	49.433333	0.121667	9.83		8.64	8	6.65	4.91	2.95	1.3	0.21	Coin Nord Est de la plateforme supérieure de la balise A	Shom	2013	15.66	11.28	-4.38	39.78	IGN69
PK 355,850 : Honfleur	Abords de Cherbourg et du Havre	49.416667	0.233333	10		8.56	8.05	6.75	5.03	3	1.65	0.57	CN - 215	IGN	2016	9.878	5.499	-4.379		IGN69
Trouville-Deauville	Abords de Cherbourg et du Havre	49.366667	0.083333	9.83		8.94	8.4	7	5.15	3.2	1.35	0.31	pas de rattachement							
Dives-sur-Mer	Abords de Cherbourg et du Havre	49.3	-0.1	9.79		8.83	8.3	6.9	5.08	3.15	1.35	0.29	pas de rattachement							
Ouistreham	Abords de Cherbourg et du Havre	49.283333	-0.25	9.7	2022	8.32	7.75	6.5	4.8	2.8	1.15	0.31	N.P.K3-2	IGN	1987	10.11	6.03	-4.08	41.731	IGN69
Courseulles-sur-Mer	Abords de Cherbourg et du Havre	49.335	-0.46										Repère de nivellement SHOM implanté horizontalement à l'extrémité du quai de la digue Est.	Shom	1988	9.114	5.124	-3.99		IGN69
Courseulles-sur-Mer (Large)	Abords de Cherbourg et du Havre	49.4	-0.466667	9.6	2011	8.02	7.4	6.15	4.59	2.65	1.15	0.27	pas de rattachement							
Arromanches-les-Bains	Abords de Cherbourg et du Havre	49.3555	-0.62	9.47		7.89	7.4	6.1	4.43	2.7	1.1	0.24	N.P.K3P3-32	IGN	1986	15.98	11.961	-4.019		IGN69
Port-en-Bessin	Abords de Cherbourg et du Havre	49.351389	-0.755556	9.41		7.88	7.35	6.05	4.4	2.7	1.15	0.3	N.P.K3O3 - 55	IGN	1986	20.905	17.008	-3.897		IGN69
Grandcamp (Entrée chenal de Carentan)	Abords de Cherbourg et du Havre	49.420179	-1.086623	9.24		7.58	7.1	5.8	4.4	2.6	1.2	0.52	N.P.K3O3 - 21	IGN	2009	10.645	6.558	-4.087		IGN69
Îles Saint-Marcouf	Abords de Cherbourg et du Havre	49.5	-1.133333	9.23		7.43	6.9	5.6	4.28	2.6	1.1	0.49	pas de rattachement							
Saint-Vaast-la-Hougue	Abords de Cherbourg et du Havre	49.587667	-1.264333	9.16	2017	7.36	6.8	5.5	4.08	2.5	1.05	0.29	N.P.K3M3-45	IGN	1985	11.054	7.58	-3.474	42.874	IGN69
Barfleur	Abords de Cherbourg et du Havre	49.666667	-1.25	8.94	2012	7.17	6.55	5.4	4.02	2.6	1.2	0.57	N.P.K3M3 - 69	IGN	2010	7.28	3.727	-3.553	42.801	IGN69
Omonville-la-Rogue	Abords de Cherbourg et du Havre	49.713833	-1.834667	7.65		6.93	6.3	5.05	3.77	2.6	1.15	0.27	N.Q.Y3Z3 - 5	IGN	2010	8.325	5.068	-3.257		IGN69
Saint-Malo	Abords de Saint-Malo	48.641167	-2.0275	6.13	2014	13.59	12.2	9.3	6.78	4.3	1.5	0.01	N.Q.K3L3-45	IGN	2013	14.485	8.196	-6.289	41.981	IGN69
Goury	Abords de Saint-Malo	49.714167	-1.948667	7.02	2014	8.83	8.1	6.7	5.06	3.5	1.3	0.13	N.Q.X3.Z3 - 2	IGN	1984	10.471	5.644	-4.827	42.629	IGN69
Herqueville	Abords de Saint-Malo	49.658333	-1.889167	6.75	2017	10.9	9.8	7.45	5.51	3.55	1.3	0.2	N.Q.X3Y3-6	IGN	1984	169.994	165.123	-4.871	42.524	IGN69
Diélette	Abords de Saint-Malo	49.55445	-1.863883	6.7	2018	10.86	9.75	7.5	5.49	3.55	1.3	0.17	N.Q.X3-12	IGN	1987	30.962	26.05	-4.912	42.637	IGN69
Carteret	Abords de Saint-Malo	49.372833	-1.787	6.55	2017	12.07	10.9	8.3	5.95	3.8	1.35	0.07	N.Q.S3X3 - 4	IGN	2010	14.795	9.562	-5.233		IGN69
Portbail	Abords de Saint-Malo	49.306833	-1.744667	6.56		12.71	11.45	8.75	6.32	4	1.4	0.1	N.Q.S.3.U3 - 22	IGN	2010	19.69	13.951	-5.739		IGN69
Saint-Germain-sur-Ay	Abords de Saint-Malo	49.2	-1.666667	6.51		13.09	11.7	8.9	6.42	4	1.35	0	pas de rattachement							
Le Sénéquet	Abords de Saint-Malo	49.099	-1.685167	6.47		13.39	12	9.15	6.65	4.25	1.45	0.07	pas de rattachement							
Pointe d'Agon	Abords de Saint-Malo	48.9885	-1.621833	6.42		14.07	12.7	9.7	7.05	4.45	1.55	-0.06	pas de rattachement							
Les Ardentes	Abords de Saint-Malo	48.964833	-1.8605	6.35		13.57	12.25	9.35	6.73	4.4	1.55	-0.03	pas de rattachement							
Grande-Île (Îles Chausey)	Abords de Saint-Malo	48.866667	-1.816667	6.31		14.44	12.9	10	7.38	4.85	1.9	0.42	pas de rattachement							
Granville	Abords de Saint-Malo	48.834167	-1.644333	6.34	2014	14.26	12.85	9.8	7.1	4.55	1.5	-0.13	N.Q.K3S3 - 30	IGN	2010	15.462	8.842	-6.62	41.205	IGN69
Le Mont-Saint-Michel	Abords de Saint-Malo	48.633333	-1.516667	6.21		14.86	13.2		7.19				N.Q.K3 - 77	IGN	1987	13.992	7.252	-6.74		IGN69
Cancale	Abords de Saint-Malo	48.68	-1.826667	6.22		14.52	13.05	9.95	7.2	4.55	1.6	0.09	N.Q.K3- 49 bis	IGN	2010	55.565	48.791	-6.774		IGN69
Saint-Briac-sur-Mer	Abords de Saint-Malo	48.634	-2.1685	6.04	2012	13.39	12.05	9.15	6.68	4.25	1.5	0	N.R.K3-154	IGN	2010	19.508	13.289	-6.219	42.177	IGN69
Le Guildo	Abords de Saint-Malo	48.575	-2.2125										N.R.K3Q3 - 98	IGN	1984	53.099	46.805	-6.294		IGN69
Île des Hébihens	Abords de Saint-Malo	48.616667	-2.21	6.09		13.34	12	9.15	6.65	4.2	1.5	0.02	pas de rattachement							
Saint-Cast	Abords de Saint-Malo	48.638333	-2.243333	6.07		13.31	12.1	9.25	6.64	4.35	1.6	0.03	N.R.K3-421	IGN	2010	19.151	12.887	-6.264	41.82	IGN69
Erquy	Abords de Saint-Malo	48.639217	-2.490183	5.89	2012	12.64	11.4	8.7	6.33	4	1.3	-0.09	N.R.K3Q3 - 51	IGN	1985	14.5	8.671	-5.829	43.245	IGN69
Dahouet	Abords de Saint-Malo	48.579167	-2.569333	5.88	2012	12.68	11.4	8.75	6.39	4.05	1.4	0	N.R.K3Q3 - 30	IGN	1985	13.36	7.494	-5.866		IGN69
Le Légué (Bouée)	Abords de Saint-Malo	48.566667	-2.683333	5.92		12.66	11.5	8.8	6.46	4.1	1.45	0.07	Repère du Service Topographique de la DDE scellé horizontalement dans le mur de l'abri de la machinerie de l'écluse, côté droit en sortant du port.	Shom	1990	13.51	7.564	-5.946	43.47	IGN69
Le Légué (Port)	Abords de Saint-Malo	48.533333	-2.733333				11.55	8.95					pas de rattachement							
Binic	Abords de Saint-Malo	48.6	-2.816667	5.86	2012	12.61	11.35	8.7	6.36	4.05	1.4	-0.02	N.R.K3V3 - 29	IGN	1985	13.565	7.667	-5.898	43.658	IGN69
Saint-Quay-Portrieux	Abords de Saint-Malo	48.6475	-2.818056	5.86	2022	12.62	11.45	8.8	6.46	4.15	1.55	0.23	N.R.K3V3-45a	IGN	2010	13.62	7.712	-5.908	43.72	IGN69
Brehec	Abords de Saint-Malo	48.7265	-2.945833	5.81	2010	12.45	11.2	8.6	6.37	4.1	1.55	0.2	N.R.K3P3-27	IGN	1985	64.085	58.2	-5.885	43.897	IGN69
Île de Bréhat	Abords de Saint-Malo	48.835167	-3.003333	5.77		11.68	10.55	8.2	5.95	3.75	1.35	0.1	N.R.K3 - 36	IGN	2010	11.536	6.031	-5.505	44.28	IGN69
Les Roches Douvres	Abords de Saint-Malo	49.104167	-2.813333	5.89		10.82	9.8	7.5	5.52	3.6	1.3	0.03	Douille d'arpentage scellé à l'Est du phare. Pérennité bonne.	Shom	2001	11.32	6.29	-5.03	44.41	IGN69
Les Héaux-de-Bréhat	Abords de Saint-Malo	48.908144	-3.083333	5.55		11.01	9.95	7.75	5.7	3.7	1.3	0.09	Repère de nivellement scellé horizontalement au pied du phare des Heaux de Bréhat à droite de l'échelle d'accès.	Shom		8.042			44.533	
Lézardrieux	Abords de Saint-Malo	48.783333	-3.1	5.72		11.59	10.55	8.15	5.9	3.8	1.3	0.04	N.R.K3-373	IGN	2010	18.22	12.751	-5.469	44.416	IGN69
Paimpol	Abords de Saint-Malo	48.790333	-2.955333	5.8	2020	12.09	10.95	8.45	6.21	4	1.5	0.29	N.R.K3 - 27	IGN	2010	21.175	15.526	-5.649	44.162	IGN69
Roscoff	Entrée de La Manche	48.718694	-3.965694	4.9	2011	9.8	8.9	7.1	5.3	3.4	1.3	0.18	N.R.K3Y3 - 13	IGN	1985	12.983	8.219	-4.764	45.229	IGN69
Port-Béni	Entrée de La Manche	48.847167	-3.172333	5.43	2010	10.97	9.85	7.7	5.7	3.6	1.35	0.2	N.R.K3 - 354	IGN	1987	43.763	38.489	-5.274		IGN69
Tréguier	Entrée de La Manche	48.786333	-3.219333	5.52		11.04	10.05	7.9	5.72	3.75	1.45	0.16	N.R.K3O3 - 34	IGN	1985	11.9	6.612	-5.288		IGN69
Perros-Guirec	Entrée de La Manche	48.82	-3.458333	5.22	2012	10.4	9.35	7.4	5.52	3.55	1.3	0.13	N.R.K3 - 318	IGN	1987	63.62	58.631	-4.989	44.9	IGN69
Ploumanac'h	Entrée de La Manche	48.836667	-3.486	5.21		10.31	9.3	7.4	5.5	3.55	1.35	0.2	N.R.K3 -312	IGN	1987	10.319	5.274	-5.045		IGN69
Trébeurden	Entrée de La Manche	48.770833	-3.586667	4.99		10.15	9.25	7.4	5.48	3.55	1.4	0.23	N.R.K3- 295	IGN	2010	44.296	39.253	-5.043		IGN69
Locquemeau	Entrée de La Manche	48.725	-3.581667	5.01		10.06	9.15	7.3	5.38	3.45	1.3	0.17	N.R.K3N3 - 11	IGN	1985	121.202	116.279	-4.923	44.839	IGN69
Locquirec	Entrée de La Manche	48.7	-3.633333	5	2010	10.13	9.25	7.35	5.49	3.55	1.55	0.45	N.R.K3-268	IGN	1966	14.762	9.782	-4.98		IGN69
Anse de Primel	Entrée de La Manche	48.716667	-3.833333	4.95		10.14	9.05	7.2	5.46	3.45	1.3	0.29	N.R.K3 - 229	IGN	1987	12.07	7.092	-4.978		IGN69
Château du Taureau	Entrée de La Manche	48.683333	-3.883333	4.92		9.82	8.95	7.15	5.27	3.4	1.3	0.14	pas de rattachement							
Morlaix (Porte aval de l'écluse)	Entrée de La Manche	48.589333	-3.838833				9.45						pas de rattachement							
Île de Batz	Entrée de La Manche	48.741667	-4.013333				9	7.05	5.25	3.5	1.4		pas de rattachement							
Brignogan-Plage	Entrée de La Manche	48.6785	-4.3175	4.64		9.24	8.45	6.7	4.92	3.2	1.2	0.18	pas de rattachement							
L'Aber Wrac'h	Entrée de La Manche	48.598333	-4.561667	4.4		8.52	7.8	6.15	4.46	2.8	1.05	0.12	N.R.Y3 - 64	IGN	1987	57.54	53.474	-4.066		IGN69
L'Aber Benoît	Entrée de La Manche	48.5915	-4.633333	4.34		8.79	8	6.35	4.68	3.05	1.25	0.27	N.R.Y3-64	IGN	1987	57.696	53.474	-4.222		IGN69
Portsall	Entrée de La Manche	48.566667	-4.716667	4.22	2019	8.57	7.7	6.05	4.45	2.85	1.1	0.25	N.R.Y3 - 40	IGN	2007	28.296	24.391	-3.905	47.133	IGN69
L'Aber Ildut	Entrée de La Manche	48.471167	-4.7545	4.12	2012	8.24	7.35	5.75	4.26	2.65	1	0.05	N.R.Y3 - 25	IGN	1987	24.805	21.077	-3.728	46.976	IGN69
Baie du Stiff (Île d'Ouessant)	Entrée de La Manche	48.468018	-5.054047	4.13	2015	8.02	7.15	5.65	4.16	2.65	1	0.11	N.R.Y3-122	IGN	2011	30.183	26.511	-3.672	47.402	IGN69
Brest	Iroise, Sud Bretagne	48.3825	-4.494722	3.75		7.93	7.05	5.5	4.14	2.7	1.15	0.25	NO - 47	IGN	2010	9.541	5.906	-3.635	47.033	IGN69
Baie de Lampaul (Île d'Ouessant)	Iroise, Sud Bretagne	48.45	-5.1	3.81	2013	7.86	7	5.5	4.09	2.7	1.15	0.3	N.R.Y3 - 126	IGN	2010	18.853	15.179	-3.674	47.471	IGN69
Île Molène	Iroise, Sud Bretagne	48.4035	-4.954667	4.08	2017	8.21	7.3	5.8	4.37	2.85	1.25	0.34	N.R.Y3-119	IGN	2010	17.032	13.191	-3.841	47.157	IGN69
Le Conquet	Iroise, Sud Bretagne	48.359528	-4.782836	3.81	2017	7.75	6.85	5.35	4.01	2.6	1.1	0.27	NO - 100	IGN	2010	20.28	16.777	-3.503	47.399	IGN69
Camaret-sur-Mer	Iroise, Sud Bretagne	48.278333	-4.59	3.54		7.45	6.6	5.15	3.83	2.45	1	0.07	O.LM - 66	IGN	2010	13.693	10.379	-3.314	47.444	IGN69
Trez-Hir	Iroise, Sud Bretagne	48.339667	-4.699333	3.63	2016	7.47	6.65	5.2	3.91	2.6	1.1	0.26	O.M.L3 - 4	IGN	1986	61.165	57.734	-3.431	47.401	IGN69
Le Dellec	Iroise, Sud Bretagne	48.353667	-4.562	3.7	2012	7.76	6.85	5.35	3.99	2.65	1.15	0.3	NO-68	IGN	1996	84.438	80.847	-3.591	47.18	IGN69
Moulin Blanc	Iroise, Sud Bretagne	48.395	-4.43	3.75	2019	8.03	7.15	5.6	4.21	2.75	1.2	0.29	NO-36	IGN	1996	11.004	7.278	-3.726	46.904	IGN69
Landerneau	Iroise, Sud Bretagne	48.449333	-4.252833				7.25	5.65		3.75	3.75		OQ - 431	IGN	1996	8.621	4.893	-3.728		IGN69
Tinduff	Iroise, Sud Bretagne	48.335833	-4.3675	3.81	2017	8.15	7.3	5.7	4.27	2.85	1.2	0.25	O.M.K3 - 88	IGN	1986	38.725	34.984	-3.741	46.873	IGN69
Pont de Térénez	Iroise, Sud Bretagne	48.28	-4.268883	3.82		8.39	7.45	5.85	4.43	2.9	1.3	0.32	Repère de nivellement SHOM scellé horizontalement dans le mur du souterrain n° 4 de la pyrotechnie de Térénez.	Shom	2007	11.897	8.154	-3.743	46.904	IGN69
Morgat	Iroise, Sud Bretagne	48.2245	-4.497333	3.59	2012	7.5	6.65	5.2	3.88	2.55	1.05	0.26	O.L.K3- 214	IGN	1986	7.925	4.553	-3.372	47.31	IGN69
Douarnenez	Iroise, Sud Bretagne	48.1	-4.316667	3.57	2015	7.39	6.55	5.05	3.83	2.45	0.95	0.12	O.L.K3 - 41	IGN	2010	32.295	28.963	-3.332		IGN69
Port du Vorlen	Iroise, Sud Bretagne	48.053	-4.7125	3.62		6.97	6.2	4.85	3.65	2.4	1.05	0.29	O.L.K3-249	IGN	1986	73.856	70.611	-3.245	47.293	IGN69
Île de Sein	Iroise, Sud Bretagne	48.040167	-4.8475	3.6	2013	6.98	6.2	4.85	3.59	2.35	0.95	0.17	O.L.K3-479-I	IGN	2010	10.066	7.065	-3.001	47.604	IGN69
Concarneau	Iroise, Sud Bretagne	47.873333	-3.906667	3.41	2011	5.74	5.1	4	3.06	2	0.9	0.23	O.L.K 3P3 - 12	IGN	1985	22.669	20.135	-2.534	46.84	IGN69
Plogoff	Iroise, Sud Bretagne	48.024	-4.698667	3.2		6.32	5.7	4.45	3.26	2.2	1.05	0.29	Repère situé sur un transformateur à la sortie du hameau de Lescoff.	Shom	1989	65.205	62.585	-2.62		IGN69
Audierne (Quai Pelletan)	Iroise, Sud Bretagne	48.02155	-4.537583	3.39	2019	5.81	5.25	4.05	3.05	2	0.85	0.23	O.L.K3L3-74	IGN	2010	6.524	3.993	-2.531	47.795	IGN69
Saint-Guénolé	Iroise, Sud Bretagne	47.814	-4.3825	3.33		5.85	5.2	4.05	3.01	2	0.9	0.24	O.L.K3-270	IGN	1986	6.976	4.465	-2.511		IGN69
Le Guilvinec	Iroise, Sud Bretagne	47.794167	-4.2785	3.44		5.7	5.05	3.95	3.04	1.95	0.85	0.16	O.L.K3.R3 - 29	IGN	2010	10.063	7.526	-2.537		IGN69
Lesconil	Iroise, Sud Bretagne	47.795167	-4.211333	3.4		5.72	5.05	3.95	3.05	2	0.9	0.18	O.L.K3 - 306	IGN	1986	9.12	6.711	-2.409		IGN69
Loctudy	Iroise, Sud Bretagne	47.833333	-4.166667	3.37		5.59	4.95	3.85	2.91	1.85	0.75	0.1	O.L.K3.R3 - 48	IGN	2010	10.715	8.217	-2.498		IGN69
Bénodet	Iroise, Sud Bretagne	47.881	-4.115833	3.47	2012	5.93	5.3	4.15	3.21	2.1	1	0.29	O.L.K3.M3 n° 21	IGN	2010	7.26	4.566	-2.694	46.793	IGN69
Les trois Tourtes	Iroise, Sud Bretagne	47.946167	-4.1125	3.97	2012	6.07	5.45	4.25	3.26	2.05	0.85	0.07	O.L.M3-16	IGN	1986	51.417	48.725	-2.692	47.004	IGN69
Corniguel	Iroise, Sud Bretagne	47.966667	-4.1				5	3.9		1.65	0.45		pas de rattachement							
Quimper	Iroise, Sud Bretagne	48	-4.1				5.15	4					pas de rattachement							
Port-la-Forêt	Iroise, Sud Bretagne	47.901	-3.973833	3.38	2010	5.73	5.2	4.05	3.02	2.05	0.9	0.16	O.L.K3N3 – 6	IGN	2010	16.153	13.569	-2.584	46.831	IGN69
Penfret (Îles de Glénan)	Iroise, Sud Bretagne	47.722167	-3.955	3.39		5.71	5.15	4.05	3	1.95	0.9	0.23	Repère SHOM scellé dans le haut de la cale de l'île de Penfret.	Shom	1995	5.674	3.136	-2.538		IGN69
Port Manec'h	Iroise, Sud Bretagne	47.800833	-3.7385	3.37		5.58	5.05	3.95	2.93	1.95	0.9	0.18	O.L.K3 - 52	IGN	1985	5.905	3.432	-2.473		IGN69
Le Pouldu	Iroise, Sud Bretagne	47.762	-3.542667	3.36		5.7	5.15	4.1	3.06	2.1	1	0.27	O.L.K3-76	IGN	1986	20.66	17.739	-2.921		IGN69
Quimperlé	Iroise, Sud Bretagne	47.866667	-3.55				5.3	4.3					pas de rattachement							
Port-Tudy	Iroise, Sud Bretagne	47.644583	-3.446306	3.4	2011	5.86	5.2	4.15	3.19	2.1	0.95	0.29	O.L.K3 - 391	IGN	2010	39.975	37.233	-2.742	46.196	IGN69
Port-Louis (Locmalo)	Iroise, Sud Bretagne	47.7055	-3.345333	3.48		5.71	5.2	4.15	3.13	2.1	1	0.32	O.L.K3S3-4	IGN	1985	12.99	10.392	-2.598		IGN69
Lorient (Port de commerce)	Iroise, Sud Bretagne	47.7375	-3.3545	3.51	2021	5.85	5.2	4.1	3.16	2.05	0.9	0.2	O.L.K3 - 9	IGN	1986	14.605	11.975	-2.63	46.197	IGN69
Hennebont	Iroise, Sud Bretagne	47.8	-3.283333	3.69		5.72	5.1	4.05	3.08	1.9	0.85	0.31	pas de rattachement							
Entrée rivière d'Étel	Iroise, Sud Bretagne	47.644167	-3.211667	3.5		5.51	5.15	4.1	3.21	2.15	0.95	1.14	O.L.K3 - 140	IGN	1958	7.29	4.517	-2.773	45.86	IGN69
Port d'Étel	Iroise, Sud Bretagne	47.656667	-3.206667	3.76		5.59	5	4.2	3.25	2.25	1.6	1.19	O.L.K3-141	IGN	2010	5.71	2.975	-2.735		IGN69
Portivy	Iroise, Sud Bretagne	47.531333	-3.147333	3.4		5.8	5.25	4.2	3.15	2.1	0.95	0.23	Repère SHOM scellé horizontalement dans la jetée de Portivy.	Shom	1985	6.509	3.749	-2.76		IGN69
Port-Maria	Iroise, Sud Bretagne	47.48333	-3.1333	3.41		5.97	5.35	4.25	3.2	2.1	0.95	0.24	O.KL - 63	IGN	1985	10.29	7.352	-2.938		IGN69
Les Sables d'Olonne	Loire, Vendée	46.4975	-1.793611	3.35	2022	6.03	5.35	4.3	3.31	2.15	0.85	0.14	O.HI - 65	IGN	2017	7.756	4.928	-2.828	44.54	IGN69
Port-Navalo	Loire, Vendée	47.55	-2.916667	3.75	2008	5.65	5.05	4	3.05	1.9	0.7	0.05	O.K.K3.P3 - 48	IGN	1985	6.592	3.967	-2.625	46.283	IGN69
Le Palais (Belle-Île)	Loire, Vendée	47.347667	-3.152167	3.4		5.78	5.25	4.15	3.07	2	0.8	0.02	O.K.K - 53	IGN	2010	7.68	5.056	-2.624		IGN69
Port-Haliguen	Loire, Vendée	47.483333	-3.1	3.57		5.87	5.35	4.25	3.13	2	0.75	-0.02	O.K.K3-2	IGN	1986	7.73	5.031	-2.699		IGN69
La Trinité-sur-Mer	Loire, Vendée	47.5875	-3.025556	3.61		6.1	5.45	4.35	3.3	2.1	0.85	0.1	O.K.K3P3-22	IGN	1985	5.594	2.74	-2.854	45.795	IGN69
Auray (St-Goustan)	Loire, Vendée	47.663383	-2.978117	4.03		5.2	4.7	3.65	2.76	1.6	0.5	0.08	O.K.P3-33	IGN	1986	4.765	2.54	-2.225	46.353	IGN69
Fort Espagnol	Loire, Vendée	47.612333	-2.953167	3.91		5.21	4.65	3.65	2.78	1.55	0.6	0.08	Douille SHOM scellée dans l'angle Sud-Est du quai de la cale de Fort Espagnol : repère des tirants d'air.	Shom	2003	6.82	4.526	-2.294	46.32	IGN69
Locmariaquer	Loire, Vendée	47.57	-2.93	3.88		5.16	4.6	3.65	2.76	1.55	0.6	0.08	"Douille SHOM scellée sur le quai du Guilvin à 60 m du bar ""l'Angélus"" en allant vers l'espar proche du lampadaire : repère des tirants d'air à pleine mer."	Shom	2003	6.074	3.825	-2.249	46.206	IGN69
Arradon	Loire, Vendée	47.615	-2.83	5.51		3.05	2.9	2.25	1.53	0.65	0.2	0.05	Repère SHOM scellé dans le mur (côté Est) de la petite cale du port de la Pointe d'Arradon.	Shom	1983	4.194	3.173	-1.021	47.446	IGN69
Vannes	Loire, Vendée	47.638333	-2.760833	5.65		3.35	3.1	2.5	1.73	0.7	0.25	0.05	O.K.P3-139	IGN	2010	3.806	2.773	-1.033	47.325	IGN69
Saint-Armel (Le Passage)	Loire, Vendée	47.591333	-2.715	5.68		3.45	3.2	2.55	1.78	0.9	0.3	0.05	Repère SHOM scellé dans le côté gauche et à la naissance de la jetée de la Garenne à Montsarrac	Shom	2005	3.822	2.608	-1.214	47.078	IGN69
Le Logeo	Loire, Vendée	47.547833	-2.8455	5.36		3.15	2.95	2.35	1.59	0.7	0.25	0.05	Repère SHOM scellé dans le muret gauche délimitant la cale principale du Logéo.	Shom	2004	4.18	3.114	-1.066	47.299	IGN69
Port du Crouesty	Loire, Vendée	47.5426	-2.89495	3.57	2014	6.17	5.4	4.3	3.32	2.05	0.8	0.01	O.K.K3P3 - 53	IGN	2010	15.944	13.094	-2.85	45.634	IGN69
Pénerf	Loire, Vendée	47.514333	-2.623833	3.53		6.1	5.45	4.3	3.28	2.05	0.75	0.01	O.K.K3 - 15 BIS	IGN	1986	8.12	5.358	-2.762		IGN69
Tréhiguier	Loire, Vendée	47.495	-2.44	3.65		6.36	5.55	4.4	3.4	2.1	0.75	-0.03	O.K.K3O3 - 11	IGN	1986	9.397	6.467	-2.93		IGN69
Houat	Loire, Vendée	47.404	-2.949667	3.5		5.81	5.35	4.25	3.17	2	0.75	0.11	pas de rattachement							
Hoëdic	Loire, Vendée	47.3445	-2.874167	3.38		5.78	5.15	4.1	3.09	1.9	0.65	-0.01	Repère de nivellement SHOM scellé dans le début de la jetée Est.	Shom	2010	6.362	3.475	-2.887		IGN69
Saint-Nazaire	Loire, Vendée	47.266944	-2.201667	3.59	2018	6.6	5.9	4.7	3.61	2.25	0.85	0.06	O.KS - 69	IGN	2015	9.252	6.092	-3.16	44.634	IGN69
Le Croisic	Loire, Vendée	47.3	-2.516667	3.52		6.13	5.45	4.3	3.3	2.05	0.7	-0.03	O.KS-1	IGN	1975	7.792	4.932	-2.86		IGN69
Le Pouliguen	Loire, Vendée	47.251667	-2.403333	3.49		6.15	5.45	4.3	3.31	2.05	0.75	0.04	O.KS - 23	IGN	1975	7.075	4.158	-2.917	45.126	IGN69
Pornichet	Loire, Vendée	47.258333	-2.346667	3.41		6.22	5.55	4.4	3.41	2.2	0.8	-0.01	O.KS-35	IGN	1975	14.038	11.111	-2.927		IGN69
Le Grand Charpentier	Loire, Vendée	47.215	-2.316944	3.49		6.27	5.55	4.45	3.39	2.1	0.8	0.05	pas de rattachement							
Montoir de Bretagne	Loire, Vendée	47.305556	-2.108361	3.71	2018	6.82	6.1	4.8	3.69	2.25	0.75	-0.08	Boulon sud amont de coffret sur la dalle d'amarrage à 30m en amont du quai charbonnier	Shom	2014	8.291	5.132	-3.159		IGN69
Cordemais	Loire, Vendée	47.277222	-1.889806	4.02	2020	7.03	6.35	5	3.78	2.05	1	0.42	O.S.P3 - 41	IGN	2013	17.555	14.396	-3.159		IGN69
Le Pellerin	Loire, Vendée	47.205389	-1.765139	4.41	2020	7.2	6.45	5.15	3.97	2.15	1.35	0.76	O.S.O3P3-23	IGN	2010	13.597	10.438	-3.159		IGN69
Nantes (Chantenay)	Loire, Vendée	47.193444	-1.633667	4.76	2020	7.31	6.55	5.25	4.1	2.25	1.55	0.74	OU - 182	IGN	1998	9.231	6.072	-3.159		IGN69
Pointe de Saint-Gildas	Loire, Vendée	47.14	-2.246667	3.46	2012	6.33	5.6	4.5	3.44	2.1	0.8	0.06	O.S.K3 - 68	IGN	1986	13.96	10.882	-3.078	44.771	IGN69
Pornic	Loire, Vendée	47.109167	-2.113667	3.63		6.54	5.8	4.7	3.57	2.2	0.8	-0.02	O.S.K3L3 - 6	IGN	1985	41.636	38.437	-3.199		IGN69
L'Herbaudière (Île de Noirmoutier)	Loire, Vendée	47.026667	-2.298333	3.38	2022	6.48	5.8	4.65	3.6	2.3	0.95	0.21	O.I.K3-35	IGN	2011	14.163	11.058	-3.105	44.716	IGN69
Fromentine (embarcadère)	Loire, Vendée	46.893333	-2.14	3.52	2023	6.25	5.5	4.35	3.4	2.15	0.95	0.33	O.I.K3N3-30e	IGN	2010	7.176	4.365	-2.811	44.885	IGN69
Bouée Fromentine	Loire, Vendée	46.8847	-2.193167	3.36	2016	5.9	5.2	4.2	3.2	2	0.75	0	pas de rattachement							
Port-Joinville (Île d'Yeu)	Loire, Vendée	46.726667	-2.348	3.26	2020	5.81	5.25	4.2	3.12	2.1	0.9	0.09	O.I.K3-126	IGN	2008	16.656	13.876	-2.78	45.107	IGN69
Saint-Gilles-Croix-de-Vie	Loire, Vendée	46.696667	-1.9425	3.41		5.87	5.25	4.25	3.17	2.1	0.85	0.01	O.I.K3.M3 - 34	IGN	2008	7.805	5.053	-2.752		IGN69
La Rochelle - La Pallice	Pertuis Charentais	46.16	-1.221667	3.4		6.87	6.1	4.95	3.9	2.5	1	0.17	O.O.K3-126	IGN	2011	9.107	5.604	-3.503	43.474	IGN69
L'Aiguillon-sur-Mer	Pertuis Charentais	46.335	-1.316389	3.73	2015	6.74	6.3	5.1	4.05	2.45	1.65	0.8	O.H.A3C3 - 38	IGN	2015	9.286	5.784	-3.502	43.483	IGN69
Pointe de l'Aiguillon	Pertuis Charentais	46.2575	-1.190833	3.51		7.05	6.3	5.15	4.05	2.6	1	0.18	pas de rattachement							
Saint-Martin-de-Ré (Île de Ré)	Pertuis Charentais	46.208	-1.3655	3.44		6.72	6	4.85	3.82	2.45	0.95	0.14	O.HO-42	IGN	2011	8.056	4.553	-3.503		IGN69
Saint-Denis d'Oléron	Pertuis Charentais	46.036833	-1.372333	3.34		6.85	6.1	4.95	3.89	2.5	1	0.17	O.O.P3 - 66	IGN	2011	7.764	4.355	-3.409	43.486	IGN69
Port du Douhet (Bouée W)	Pertuis Charentais	46.006167	-1.296333	3.34	2012	6.83	6.1	4.95	3.9	2.5	1	0.16	pas de rattachement							
Fort Boyard	Pertuis Charentais	46	-1.211667	3.29		6.87	6.15	5	3.94	2.5	1.05	0.3	pas de rattachement							
Île d'Aix	Pertuis Charentais	46.008333	-1.173333	3.38	2017	6.95	6.15	5	3.96	2.5	1	0.09	O.O.K3-195c	IGN	2011	7.65	4.145	-3.505	43.315	IGN69
Le Vergeroux	Pertuis Charentais	45.966667	-0.983333				6.1						pas de rattachement							
Rochefort	Pertuis Charentais	45.95	-0.966667	3.97	2010	7.23	6.7	5.35	4.19	2.25	1.05	0.81	O.O.K3-7F Bis	IGN	1995	7.583	4.043	-3.54		IGN69
Le Chapus	Pertuis Charentais	45.853667	-1.178	3.52		6.67	6.1	5.05	3.99	2.55	1.25	0.58	O.O.K3P3 - 21	IGN	2011	7.67	4.155	-3.515		IGN69
Pont aval de la Seudre	Pertuis Charentais	45.799561	-1.137801	3.6	2021	6.03	5.35	4.3	3.29	1.95	0.75	0.14	O.O.P3 - 96	IGN	1986	11.473	8.725	-2.748	43.824	IGN69
La Cayenne	Pertuis Charentais	45.789167	-1.1255	3.78		6.15	5.6	4.65	3.63	2.45	1.05	0.33	pas de rattachement							
Pointe de Grave	Abords de la Gironde	45.568667	-1.066667	3.81	2017	5.9	5.3	4.35	3.29	2.1	1.1	0.54	O.NP-6	IGN	1973	7.808	4.977	-2.831	43.433	IGN69
La Cotinière	Abords de la Gironde	45.914167	-1.325833	3.2	2012	6.31	5.6	4.65	3.62	2.35	1.35	0.61	O.O.P3-182	IGN	2015	8.569	5.378	-3.191	43.596	IGN69
Pointe de Gatseau	Abords de la Gironde	45.799167	-1.236667	3.63		6.02	5.35	4.45	3.44	2.25	1.25	0.51	pas de rattachement							
Cordouan	Abords de la Gironde	45.583333	-1.166667	3.52		5.75	5	4.05	3.03	1.85	0.9	0.09	pas de rattachement							
Lacanau	Abords de la Gironde	45	-1.2	3.66		5.3	4.65	3.75	2.69	1.6	0.65	-0.02	pas de rattachement							
Royan	Abords de la Gironde	45.619333	-1.028	3.65	2015	6.03	5.4	4.45	3.42	2.2	1.2	0.66	O.GP-30	IGN	2011	13.044	10.054	-2.99	43.36	IGN69
Le Verdon-sur-Mer	Abords de la Gironde	45.546333	-1.040833	3.77		6.09	5.45	4.45	3.33	2.1	1.05	0.51	O.NP-10	IGN	1974	8.827	5.948	-2.879	43.386	IGN69
Richard	Abords de la Gironde	45.453667	-0.92305	4.23	2017	6.15	5.55	4.55	3.38	2	1.05	0.46	O.PQ - 24	IGN	1975	6.812	3.953	-2.859	43.325	IGN69
Lamena	Abords de la Gironde	45.335733	-0.795217	4.6	2017	6.29	5.7	4.6	3.32	1.75	0.85	0.23	O.PQ - 51	IGN	1975	6.676	3.859	-2.817	43.255	IGN69
Bordeaux	La Gironde, la Garonne	44.859982	-0.552805				5.35	4.25	2.45	0.45	0.05		O.P.N3Q3-7	IGN	1986	6.896	5.084	-1.812	44.244	IGN69
Pauillac - Trompeloup	La Gironde, la Garonne	45.2168	-0.746	5.02	2017	6.24	5.6	4.5	3.12	1.4	0.6		O.FR-1	IGN	1975	10.021	7.482	-2.539	43.413	IGN69
Fort Médoc	La Gironde, la Garonne	45.11727	-0.70026	5.29	2017	6.18	5.55	4.4	2.9	1.05	0.3		O.R.C3-4	IGN	1975	6.195	3.935	-2.26	43.658	IGN69
Le Marquis	La Gironde, la Garonne	45.00312	-0.55967				5.15	4.05	2.46	0.6	0.1		O.P.P3Q3 - 38	IGN	1985	6.784	4.906	-1.878	43.993	IGN69
Saint-Jean-de-Luz	Abords d'Arcachon et de Cap Breton	43.395	-1.681667	3.18	2011	4.97	4.35	3.4	2.51	1.6	0.6	0.03	O.A.K3L3-4-II	IGN	2012	7.975	5.802	-2.173	46.595	IGN69
Arcachon	Abords d'Arcachon et de Cap Breton	44.664333	-1.163667	4.08	2011	4.91	4.35	3.4	2.48	1.3	0.45	-0.08	O.B.N3-69	IGN	1982	6.518	4.538	-1.98	44.751	IGN69
Le Grand Piquey	Abords d'Arcachon et de Cap Breton	44.7135	-1.210833	4.22		4.65	4.2	3.25	2.37	1.25	0.3	-0.28	O.N.C3 - 27	IGN	1975	7.995	6.014	-1.981		IGN69
Cap Ferret	Abords d'Arcachon et de Cap Breton	44.629167	-1.241667	3.81		4.51	4.2	3.35	2.37	1.4	0.6	0.03	O.N.C3-41	IGN	1975	7.699	5.719	-1.98	44.886	IGN69
Pilat Plage	Abords d'Arcachon et de Cap Breton	44.603056	-1.210556	3.77		4.54	4.05	3.2	2.33	1.3	0.45	-0.09	O.B.N3 - 86	IGN	1982	7.045	5.04	-2.005		IGN69
Boucau-Bayonne	Abords d'Arcachon et de Cap Breton	43.527222	-1.514722	3.28		4.84	4.25	3.35	2.53	1.7	0.75	0.17	O.B.N3-22	IGN	1982	8.719	6.576	-2.143	46.706	IGN69
Biscarrosse	Abords d'Arcachon et de Cap Breton	44.46755	-1.27075	3.18		4.91	4.35	3.35	2.49	1.55	0.55	-0.03	pas de rattachement							
Mimizan	Abords d'Arcachon et de Cap Breton	44.216667	-1.3	3.21	2020	5.11	4.5	3.55	2.63	1.7	0.7	0.06	O.B.N3 - 148c	IGN	2012	7.515	5.355	-2.16	45.68	IGN69
Vieux-Boucau	Abords d'Arcachon et de Cap Breton	43.783333	-1.416667	3.31		4.47	3.9	3.05	2.22	1.4	0.5	-0.01	pas de rattachement							
Capbreton	Abords d'Arcachon et de Cap Breton	43.653667	-1.437167	3.25	2011	4.79	4.3	3.35	2.41	1.5	0.6	0.03	O.B.N3-22e	IGN	2006	9.451	7.357	-2.094	46.281	IGN69
Hendaye	Abords d'Arcachon et de Cap Breton	43.379333	-1.784667	3.16	2011	4.99	4.4	3.45	2.52	1.65	0.5	0	EO-138C	IGN	2006	9.501	7.283	-2.218	46.49	IGN69
Toulon	Méditerranée	43.122678	5.914669			0.64			0.42			0.17	M.A.E3-9 Bis	IGN	2019	3.907	3.655	-0.252	48.226	IGN69
Banyuls-sur-Mer	Méditerranée	42.481667	3.138167		2014	0.74			0.57			0.43	M.E.I3 - 7	IGN	1983	4.961	4.423	-0.538		IGN69
Port-Vendres	Méditerranée	42.520044	3.107369		2014	0.72			0.52			0.31	EM 47	IGN	2020	2.584	2.192	-0.392	49.341	IGN69
Port-la-Nouvelle	Méditerranée	43.015278	3.061944		2017	0.75			0.55			0.34	M.E.K3-21	IGN	2019	3.74	3.319	-0.421	49.096	IGN69
Gruissan	Méditerranée	43.106667	3.101667		2012	0.91			0.68			0.47	M.E.K3 - 180	IGN	1994	3.453	3.026	-0.427	48.951	IGN69
Port de Sète	Méditerranée	43.397642	3.699108		2017	0.67			0.46			0.25	M.E.M3-39	IGN	2019	6.422	6.115	-0.307	49.187	IGN69
Port Camargue	Méditerranée	43.520333	4.126333		2012	0.76			0.53			0.35	M.F.CF3G3-11	IGN	2019	2.634	2.349	-0.285	49.143	IGN69
Saintes-Maries-de-la-Mer	Méditerranée	43.452167	4.398833		2014	0.59			0.4			0.17	M.C.D3F3 - 24	IGN	1994	1.515	1.248	-0.267		IGN69
Fos-sur-Mer	Méditerranée	43.416833	4.888833		2017	0.71			0.49			0.27	M.C.L3-2b	IGN	2009	2.935	2.601	-0.334	48.775	IGN69
Port-de-Bouc	Méditerranée	43.398333	4.983611		2020	0.76			0.53			0.27	M.C.B3L3 - 1	IGN	2019	14.505	14.185	-0.32	48.756	IGN69
Marseille (Corniche)	Méditerranée	43.278789	5.353736		2010	0.7			0.49			0.27	M.AC-0-VIII	IGN	2014	1.99	1.661	-0.329	48.602	IGN69
Le Petit Gaou	Méditerranée	43.06945	5.793617		2012	0.66			0.44			0.18	M.A.E-89	IGN	2007	7.738	7.44	-0.298	47.813	IGN69
Port de la Salette	Méditerranée	43.086667	6.08			0.65			0.49			0.34	M.A.E3 - 135	IGN	2005	16.723	16.498	-0.225		IGN69
Port Pothuau	Méditerranée	43.115917	6.201733		2011	0.7			0.47			0.19	M.A.A3E3-41	IGN	1981	12.853	12.547	-0.306	48.071	IGN69
Port Avis	Méditerranée	43.0259	6.453817		2021	0.64			0.43			0.18	Repère de nivellement de type Shom implanté sur la surface verticale du plan incliné du quai roro du Gapeau	Shom	2021	0.953	0.679	-0.274	47.087	IGN69
Fort de Bregancon	Méditerranée	43.095	6.323333			0.69			0.44			0.19	M.A.E3-154	IGN	1983	23.891	23.638	-0.253		IGN69
Cavalaire	Méditerranée	43.1725	6.5355			0.55			0.32			0.09	M.A.E3F3 - 48	IGN	1981	4.699	4.509	-0.19		IGN69
Saint-Tropez	Méditerranée	43.271667	6.634667			0.68			0.47			0.25	M.A.E3 - 78	IGN	1983	5.134	4.834	-0.3	47.91	IGN69
Port Ferréol	Méditerranée	43.359067	6.7176		2017	0.73			0.5			0.27	M.A.D3E3 - 18	IGN	2016	10.957	10.623	-0.334	47.973	IGN69
La Figueirette	Méditerranée	43.483533	6.933767		2017	0.74			0.51			0.29	M.A.K3-55	IGN	2016	2.32	1.991	-0.329	48.11	IGN69
Nice	Méditerranée	43.6955	7.285267		2017	0.75			0.54			0.29	M.A.I3K3 - 1 bis	IGN	2008	3.034	2.69	-0.344	48.4	IGN69
Monaco	Méditerranée	43.732814	7.423936		2017	0.73			0.52			0.27	Repère en acier (RN101 du service topographique monégasque)  situé à l'entrée ouest du tunnel T1, avenue Albert II.	Shom	2018	5.697	5.361	-0.336	48.486	IGN69
Centuri	Méditerranée	42.966	9.350167		2017	0.73			0.48			0.19	M.GJ - 31d	IGN	2021	2.396	2.045	-0.351	47.734	IGN78
Macinaggio	Méditerranée	42.959167	9.455833		2009	0.74			0.46			0.16	M.GHJ	IGN	2013	3.726	3.33	-0.396	47.827	IGN78
Bastia	Méditerranée	42.7	9.455		2016	0.85			0.58			0.29	MM' - 2	IGN	1978	12.829	12.344	-0.485	47.971	IGN78
Saint-Florent	Méditerranée	42.68	9.3		2017	0.77			0.49			0.18	FM-347	IGN	1978	2.398	1.986	-0.412	48.327	IGN78
Île-Rousse	Méditerranée	42.6395	8.936333		2015	0.67			0.44			0.18	FM-286 BIS	IGN	2011	6.354	5.929	-0.425	47.867	IGN78
Calvi	Méditerranée	42.566667	8.763333		2016	0.63			0.44			0.2	FM - 251	IGN	1978	6.411	6.004	-0.407	47.774	IGN78
Ajaccio	Méditerranée	41.922703	8.762839		2016	0.7			0.47			0.21	"FM"" - 3a BIS"	IGN	2021	9.167	8.799	-0.368	47.329	IGN78
Solenzara	Méditerranée	41.8568	9.403817		2017	0.86			0.58			0.29	FM' - 156-I	IGN	2021	2.656	2.177	-0.479	47.084	IGN78
Propriano	Méditerranée	41.676667	8.902167			0.45			0.3			0.13	"FM""-113"	IGN	2013	9.844	9.474	-0.37	47.626	IGN78
Porto-Vecchio	Méditerranée	41.590333	9.285667		2016	0.74			0.47			0.18	FM' - 215	IGN	2011	57.108	56.723	-0.385	47.574	IGN78
Senetosa	Méditerranée	41.549667	8.815		2009	0.67			0.43			0.17	"Repère baptisé ""marqueur géodésique G3""."	Shom		3.489			47.761	
Bonifacio	Méditerranée	41.389297	9.163889		2019	0.7			0.46			0.19	"M'M"" - 3"	IGN	2013	1.854	1.492	-0.362	47.099	IGN78
Saint-Pierre	Abords de Saint-Pierre	46.7855	-56.1675		2014	2.61	2.25	1.9	1.4	0.95	0.55	0.3	AB-2	IGN	2018	4.19	2.915	-1.275	-2.65	DANGER1950
Île Miquelon	Abords de Saint-Pierre	47.103833	-56.373833		2014	2.59	2.25	1.9	1.39	0.95	0.55	0.29	BC-79	IGN	2018	2.964	1.659	-1.305	-2.847	DANGER1950
Saint-Martin Marigot	Saint-Martin et Saint-Barthélemy	18.071	-63.086667		2012	0.83	0.65		0.53		0.4	0.23	AS-16	IGN	2019	22.099	21.74	-0.359	-43.717	IGN88
Gustavia	Saint-Martin et Saint-Barthélemy	17.90235	-62.853533		2012	0.83	0.65		0.54		0.4	0.24	A.EF-3	IGN	2019	2.556	2.272	-0.284		IGN88
Pointe-à-Pitre	Abords de Pointe-à-Pitre	16.224414	-61.531336		2017	0.88	0.7		0.58		0.4	0.18	GO-12	IGN	1988	2.883	2.423	-0.46	-40.929	IGN88
Saint-François	Abords de Pointe-à-Pitre	16.25	-61.274167		2012	0.86			0.55			0.15	GO-66	IGN	1988	3.979	3.497	-0.482		IGN88
Port-Louis	Abords de Pointe-à-Pitre	16.416667	-61.533333			0.55			0.38			0.11	AG-64	IGN	1988	2.955	2.495	-0.46		IGN88
Subercazeaux	Abords de Pointe-à-Pitre	16.3	-61.6		2008	0.79			0.47			0.05	pas de rattachement							
Îlet Kahouanne	Abords de Pointe-à-Pitre	16.363333	-61.78			0.61			0.44			0.16	AB - 38	IGN	1988	9.757	9.297	-0.46		IGN88
Deshaies	Abords de Pointe-à-Pitre	16.305	-61.8		2008	0.59			0.42			0.08	AB-64	IGN	1988	3.184	2.657	-0.527	-40.26	IGN88
Basse-Terre	Abords de Pointe-à-Pitre	15.9955	-61.733			0.69			0.45			0.13	AB-168	IGN	1988	4.973	4.481	-0.492	-39.888	IGN88
Rivière-Sens	Abords de Pointe-à-Pitre	15.983333	-61.716667		2008	0.76			0.51			0.18	BO - 13	IGN	1988	5.114	4.63	-0.484		IGN88
Les Saintes	Abords de Pointe-à-Pitre	15.8705	-61.582667		2012	0.83			0.57			0.22	O.DE-5	IGN	2008	1.901	1.444	-0.457	-40.036	IGN88
Marie-Galante	Abords de Pointe-à-Pitre	15.880167	-61.317		2015	0.82	0.7		0.54		0.45	0.15	MO-2	IGN	2008	2.651	2.192	-0.459		IGN88
La Désirade	Abords de Pointe-à-Pitre	16.302667	-61.072667		2009	0.83	0.65		0.55		0.35	0.17	O.AB - 20	IGN	2008	2.267	1.717	-0.55	-44.156	IGN92
Le Robert	Abords du Robert	14.678	-60.940833			0.97	0.75		0.54		0.3	0.04	NO - 53	IGN	2014	16.816	16.352	-0.464	-38.685	IGN87
La Trinité	Abords du Robert	14.741167	-60.9565			0.77	0.75		0.5		0.3	0.12	pas de rattachement							
Le François	Abords du Robert	14.622333	-60.888667			0.94	0.75		0.55		0.3	0.08	Repère SHOM scellé horizontalement dans le mur à l'entrée de l'auberge du club nautique.	Shom	1983	4.711	4.304	-0.407		NGM
Le Vauclin	Abords du Robert	14.546	-60.833667			0.91	0.75		0.54		0.3	0.1	Repère SH scellé horizontalement dans la façade du dancing de l'auberge de l'Atlantique.	Shom		8.81	8.465	-0.345		NGM
Cap Chevalier	Abords du Robert	14.433333	-60.833333		2011	0.79	0.6		0.43		0.2	-0.01	Repère SH scellé horizontalement dans la dalle en béton du BAR.	Shom		1.671	1.271	-0.4		NGM
Le Marin	Abords du Robert	14.466667	-60.866667			0.65	0.5		0.37		0.2	-0.01	AOS	IGN	1987	14.583	14.229	-0.354		IGN87
Fort-de-France	Abords de Fort-de-France	14.601439	-61.063294		2011	0.98	0.8		0.7		0.55	0.36	AN-13	IGN	2014	1.475	0.944	-0.531	-38.766	IGN87
Le Prêcheur	Abords de Fort-de-France	14.807583	-61.226556		2011	1.11			0.78			0.35	A.AB - 42	IGN	2014	5.103	4.541	-0.562	-39.617	IGN87
Saint-Pierre	Abords de Fort-de-France	14.739667	-61.180333			0.75	0.6		0.45		0.3	0.11	pas de rattachement							
Sainte-Luce	Abords de Fort-de-France	14.466667	-60.916667			0.68			0.38			-0.01	AS - 44	IGN	1987	1.993	1.619	-0.374		IGN87
Îles du Salut	Abords des Îles du Salut	5.2855	-52.587333		2013	3.72	3.3	2.7	2.14	1.55	1.05	0.6	Repère de nivellement SHOM scellé horizontalement dans le soubassement d'une construction en ruine.Repère situé dans l'Anse Legoff.	Shom	2013	6.884	5.024	-1.86	-36.286	NGG77
Pointe Française (Pointe des Hattes)	Abords des Îles du Salut	5.744967	-53.9533			4.23	3.9	3.2	2.6	1.9	1.3	0.92	9730601A	IGN	1977	6.172	3.79	-2.382	-34.562	NGG77
Saint-Laurent du Maroni	Abords des Îles du Salut	5.5	-54.033333			2.7	2.5	1.95	1.51	1	0.55		"M'M"" - 1"	IGN	2015	5.468	4.414	-1.054	-33.909	NGG77
Îlot Brigandin	Abords des Îles du Salut	5.431667	-52.993333				2.5	1.9	1.4	0.75	0.6		pas de rattachement							
Kourou	Abords des Îles du Salut	5.156667	-52.626383			3.59	3.2	2.6	2	1.4	0.85	0.48	MM' - 0 -I	IGN	2015	7.688	5.802	-1.886	-36.53	NGG77
Le Larivot	Abords des Îles du Salut	4.905333	-52.362667			3.71	3.4	2.75	2.14	1.5	0.9	0.62	BM-31-I	IGN	2002	5.697	3.53	-2.167	-36.727	NGG77
Îlet la Mère	Abords des Îles du Salut	4.892667	-52.19		2013	3.89	3.4	2.8	2.24	1.6	1.15	0.68	Repère de nivellement de type SHOM scellé horizontalement dans le rocher à six mètres au sud-est du marégraphe.	Shom		5.447			-36.227	
Dégrad des Cannes	Abords des Îles du Salut	4.854	-52.2805		2013	3.74	3.45	2.85	2.1	1.5	1.1	0.52	D.EG-1	IGN	2015	5.407	3.529	-1.878	-36.188	NGG77
Montagne d'Argent	Abords des Îles du Salut	4.383333	-51.683333			3.57	3.15	2.4	1.7	1.05	0.4	0.19	pas de rattachement							
Dzaoudzi	Abords de Dzaoudzi	-12.781981	45.25815		2015	4.3	3.7	2.8	2.13	1.45	0.5	0.08	N-402-BIS	IGN	2016	7.332	5.553	-1.779	-21.739	Shom53
Longoni	Abords de Dzaoudzi	-12.724167	45.161667		2015	4.31	3.7	2.8	2.13	1.45	0.5	0.08	Repère de nivellement SHOM scellé horizontalement au niveau du soubassement du pignon droit à l'entrée de la caserne des pompiers du port de Longoni.	Shom	2006	6.473	4.737	-1.736	-21.296	Shom53
Mtiti	Abords de Dzaoudzi	-12.923611	45.063333		2015	4.39	3.75	2.85	2.17	1.45	0.5	0.08	pas de rattachement							
Sada - Baie de Chiconi	Abords de Dzaoudzi	-12.84	45.1		2018	4.51	3.85	2.9	2.2	1.5	0.5	0.07	N-239-BIS	IGN	2006	32.552	30.75	-1.802	-20.616	Shom53
Pointe des Galets	Abords de la Pointe des Galets	-20.935611	55.286972		2010	1.02	0.8		0.6		0.35	0.08	AMO	IGN	2016	2.809	2.257	-0.552	2.565	IGN89
Saint-Leu	Abords de la Pointe des Galets	-21.167667	55.285333			0.85	0.65		0.51		0.35	0.17	Repère de nivellement SHOM scellé à l'intérieur du parapet de la digue Sud du port de pêche.	Shom		2.124	1.594	-0.53		IGN89
Saint-Pierre	Abords de la Pointe des Galets	-21.345167	55.477667			0.93	0.7		0.51		0.25	0.03	AM 127	IGN	1989	5.254	4.7	-0.554		IGN89
Sainte-Marie	Abords de la Pointe des Galets	-20.892167	55.537		2017	1.06	0.75		0.57		0.35	0.04	AO - 55	IGN	2016	13.852	13.299	-0.553	2.818	IGN89
Île Juan de Nova	Îles Éparses	-17.0375	42.736833		2021	4.91	4.4	3.3	2.61	1.9	0.8	0.34	Repère correspondant au sommet du cabestan situé au niveau de l'ancien débarcadère en ruine. Cabestan situé sur un socle en béton. Repère durable.	Shom		7.73			-16.871	
Bassas da India	Îles Éparses	-21.47175	39.746033		2015	4.04	3.6	2.65	2.07	1.5	0.55	0.16	Plaque de métal  scellée sur le corail.	Shom		3.3			-4.37	
Île Europa	Îles Éparses	-22.316833	40.333333		2014	3.64	3.2	2.3	1.75	1.2	0.3	-0.07	98404 E1	IGN		6.391			-1.041	
Port-aux-Français	Terres Australes	-49.35	70.216667			2.26	1.95	1.55	1.22	0.9	0.5	0.22	Penny cimenté horizontalement dans le rocher à 10 m au Sud Est de l'ancien marégraphe.	Shom	1963	3.07	1.868	-1.202	38.061	IGN66
Baie Greenland	Terres Australes	-49.6245	70.1955			1.99	1.75	1.4	1.09	0.8	0.4	0.2	pas de rattachement							
Port Jeanne d'Arc	Terres Australes	-49.551	69.821833										"Repère de nivellement SHOM scellé dans une anfractuosité de rocher et portant l'inscription ""R1 1993""."	Shom		1.87				
Baie Larose	Terres Australes	-49.585833	69.296833			1.62	1.4	1.1	0.89	0.65	0.35	0.21	pas de rattachement							
Baie Oiseau	Terres Australes	-48.678333	69.027333			1.27	1.25	1	0.86	0.7	0.45	0.17	pas de rattachement							
Port Mary	Terres Australes	-48.990667	69.3625			1.82	1.55	1.25	1.01	0.75	0.45	0.22	pas de rattachement							
Baie Hopeful	Terres Australes	-49.08	69.61			2.05	1.75	1.4	1.12	0.8	0.45	0.17	"Sommet de la pyramide en béton, peinte en blanc, portant une plaque en bronze avec l'inscription ""BOUGAINVILLE 1939""."	Shom		6.956				
Betsy Cove	Terres Australes	-49.15	70.2			1.94	1.75	1.4	1.1	0.8	0.45	0.24	pas de rattachement							
Baie Norvégienne	Terres Australes	-49.361667	70.351667			2.18	1.95	1.55	1.22	0.9	0.45	0.18	"Tige en aluminium scellée horizontalement dans une borne en ciment marquée ""C""."	Shom		7.912				
Saint-Paul	Terres Australes	-38.716667	77.533333			1.92	1.75	1.35	1.09	0.85	0.5	0.26	pas de rattachement							
Amsterdam	Terres Australes	-37.866667	77.533333			1.81	1.6	1.25	1.03	0.8	0.45	0.29	pas de rattachement							
Base Dumont d'Urville	Antarctique	-66.666667	140			2.54	1.7		1.11		0.5	0.28	AB - 1	IGN		6.76	5.58	-1.18	-44.794	EPF52
Port-Martin	Antarctique	-66.833333	141.416667			2.3	1.6		0.94		0.3	0.25	Sommet du piton le plus petit du support de l'ancien marégraphe permanent.	Shom	1950	3.64	2.47	-1.17		EPF52
Nouméa - Numbo	Abords de Nouméa - Numbo	-22.242006	166.416108		2010	1.89	1.5		1.02		0.5	0.13	S1-002 (ex Bam3n3-016)	DITTT	2014	4.377	3.539	-0.838	59.676	NGNC
Récif Bellona	Abords de Nouméa - Numbo	-21.415	158.855		2020	1.94	1.45		0.98		0.45	0.03	Douille de nivellement SHOM scellée horizontalement dans la stèle TRANSIT.	Shom		3.77			55.24	
Île Longue	Abords de Nouméa - Numbo	-19.868333	158.311667		2020	2.19	1.7		1.22		0.7	0.27	Repère SH scellé dans la stèle MOP 80 Transit.	Shom		6.7			57.893	
Îlot Bampton	Abords de Nouméa - Numbo	-19.121667	158.601667				1.2		0.8		0.3		Repère SH scellé dans la stèle MOP 80 TRANSIT.	Shom		5.11			59.843	
Baie de Banaré (Poum)	Abords de Nouméa - Numbo	-20.226756	164.035272		2014	1.82	1.5		1.07		0.55	0.19	N1-703	DITTT	2012	14.395	13.574	-0.821	60.3	NGNC
Paagoumène	Abords de Nouméa - Numbo	-20.483611	164.175336		2010	1.96	1.6		1.13		0.55	0.13	Douille SHOM scellée horizontalement près de la pointe sud-ouest de la dalle béton supportant les containers fixés à 300 m du wharf.	Shom	2005	4.943	4.1	-0.843	59.976	NGNC
Koumac	Abords de Nouméa - Numbo	-20.574333	164.275333			1.74	1.4		0.96		0.45	0.03	AB-334	DITTT	2005	9.507	8.608	-0.899		NGNC
Pointe de Pandop	Abords de Nouméa - Numbo	-20.5805	164.2735		2019	1.86	1.55		1.06		0.55	0.16	Bf-007I	DITTT	2010	3.212	2.319	-0.893	59.956	NGNC
Baie de Gomen	Abords de Nouméa - Numbo	-20.756667	164.401667		2010	1.9	1.5		0.99		0.5	0.11	Repère de nivellement (douille SHOM) - MOP80 - scellé dans la terrasse de béton supportant un petit pylône derrière le laboratoire de la SMSP.	Shom	1998	7.286	6.479	-0.807	59.814	NGNC
Baie Chasseloup	Abords de Nouméa - Numbo	-20.966333	164.66		2011	1.87	1.4		1		0.45	0.11	4810-25e GATOPE	DITTT	2004	7.854	7.194	-0.66	60.029	NGNC
Vavouto	Abords de Nouméa - Numbo	-21.002833	164.6715		2009	1.82	1.4		0.98		0.45	0.11	4814-01	DITTT	2006	91.91	91.227	-0.683		NGNC
Foué	Abords de Nouméa - Numbo	-21.092833	164.801			1.91	1.55		1.03		0.55	0.11	Repère SHOM scellé horizontalement à l'extrémité Ouest du wharf de FOUE.	Shom		2.21				
Pouembout	Abords de Nouméa - Numbo	-21.116667	164.833333		2012	1.87	1.5		1.02		0.5	0.12	Douille de nivellement SHOM scellée verticalement dans une plaque de ciment sur le bord droit de la piste en arrivant au wharf détruit.	Shom	2000	4.597	3.724	-0.873	59.96	NGNC
Mueo (Nepoui)	Abords de Nouméa - Numbo	-21.3355	164.987		2010	1.8	1.4		0.92		0.4	0.04	Repère de type douille SHOM scellé horizontalement dans le support en béton de l’avaloir des eaux pluviales situé près de l’entrée du nouveau quai de Nepoui.	Shom	2009	4.218	3.453	-0.765	59.026	NGNC
Poya	Abords de Nouméa - Numbo	-21.403333	165.11		2019	1.97	1.55		1.09		0.55	0.16	4819-20(.)	DITTT	2012	25.795	24.985	-0.81	59.286	NGNC
Cap Goulvain	Abords de Nouméa - Numbo	-21.514333	165.251										Repère de type SHOM scellé horizontalement à l'extrémité de la pointe rocheuse du fond de la baie du Cap Goulvain (accès à cette pointe en véhicules tous terrains).	Shom		2.346				
Bourail	Abords de Nouméa - Numbo	-21.623833	165.458667		2015	1.67	1.3		0.85		0.35	0.01	Repère de nivellement scellé horizontalement dans le coin Sud d'un abri en béton placé à la bifurcation des deux chemins menant au wharf.	Shom	2005	32.02	31.321	-0.699	59.14	NGNC
Moindou	Abords de Nouméa - Numbo	-21.7275	165.651667			1.71	1.3		0.81		0.3	-0.02	Repère de type SHOM, scellé horizontalement dans la falaise rocheuse située sur la côte Est de l'île Saint-DIE, dans le Sud des trois bâtiments à environ 300 m.	Shom		2.9				
Ouano	Abords de Nouméa - Numbo	-21.840833	165.81		2012	1.84	1.45		0.97		0.45	0.11	Repère de nivellement scellé horizontalement dans le bas d’un abri cyclonique à poubelle	Shom	2020	2.32	1.531	-0.789	59.242	NGNC
Île Puen	Abords de Nouméa - Numbo	-21.964167	165.948667										Repère fondamental type SHOM scellé horizontalement dans une pointe de rocher à mi-distance entre le wharf et la plage.	Shom		2.4			59.403	
Tomo	Abords de Nouméa - Numbo	-21.959167	166.138333		2020	1.98	1.55		1.07		0.5	0.14	Repère de nivellement SHOM scellé horizontalement dans le support en béton d’un petit pont.	Shom	2012	2.217	1.353	-0.864	60.284	NGNC
Baie Saint-Vincent (Wharf de N'Dui)	Abords de Nouméa - Numbo	-22.019167	166.146667										"Croix gravée dans le sol de la baraque (dalle en ciment) marquée ""M.H.N.C 1963""."	Shom		3.23				
Anse Longue Namaoura	Abords de Nouméa - Numbo	-22.14	166.218333		2012	1.87	1.5		1.01		0.5	0.13	Repère de nivellement SHOM scellé horizontalement dans le mur du transformateur.	Shom		9.673			60.7	
Baie de Gadji	Abords de Nouméa - Numbo	-22.174119	166.388775		2018	1.9	1.5		1.03		0.5	0.13	Repère cylindrique de nivellement SHOM de type Bourdaloue scellé horizontalement dans une roche sur le côté de la route menant à la plage de Nouré.	Shom	2005	3.482	2.643	-0.839	60.088	NGNC
Nouméa - Chaleix	Abords de Nouméa - Numbo	-22.292	166.435			1.79	1.45		0.95		0.4	0.09	Repère en laiton scellé verticalement à l'extrémité de la jetée menant au quai des avisos.	Shom	1999	3.632	2.797	-0.835	59.486	NGNC
Nouméa (Petite Rade)	Abords de Nouméa - Numbo	-22.271	166.436167										BC-013	DITTT	2005	3.321	2.486	-0.835		NGNC
Plum	Abords de Nouméa - Numbo	-22.28	166.638056		2023	1.84	1.55		1.09		0.6	0.31	S2-104	DITTT	2005	4.277	3.49	-0.787	60.262	NGNC
Port de Boulari	Abords de Nouméa - Numbo	-22.233333	166.525		2011	1.72	1.35		0.9		0.4	0.1	AC-006	DITTT	2005	4.096	3.385	-0.711	60.333	NGNC
Île Amédée	Abords de Nouméa - Numbo	-22.477	166.466167		2016	1.88	1.5		1.03		0.5	0.17	Repère de nivellement SHOM, scellé dans le mur de soubassement des sanitaires.	Shom		2.973			58.154	
Baie Iré	Abords de Nouméa - Numbo	-22.408333	166.8				1.2		0.79		0.35		Repère scellé dans la roche.	Shom		1.404				
Passe Nokoué	Abords de Nouméa - Numbo	-22.4575	166.778833				1.35		0.86		0.4		pas de rattachement							
Baie Ouara	Abords de Nouméa - Numbo	-22.423	166.843333		2012	1.43	1.15		0.78		0.4	0.09	pas de rattachement							
Îlot Mato	Abords de Nouméa - Numbo	-22.552	166.786667		2023	1.58	1.3		0.88		0.45	0.15	Repère de nivellement SH scellé verticalement dans un rocher au pied du mont Mato au sud-est de l'îlot.	Shom		2.11			58.974	
Îlot N'Do	Abords de Nouméa - Numbo	-22.683333	166.971833		2019	1.45	1.15		0.8		0.4	0.09	Douille Shom scellée verticalement dans un tube en aluminium situé sur la pointe ouest de l'îlot.	Shom		2.761			58.81	
Îlot Kouaré	Abords de Nouméa - Numbo	-22.774667	166.793333				1.35				0.35		pas de rattachement							
Îlot N'Da	Abords de Nouméa - Numbo	-22.846667	166.875				1.3				0.4		Douille SHOM scellée verticalement dans un tuyau métallique rempli de béton, planté verticalement dans du béton.	Shom		2.578			57.502	
Baie du Prony	Abords de Nouméa - Numbo	-22.313667	166.835667		2016	1.41	1.1		0.76		0.35	0.04	Repère de nivellement SHOM scellé horizontalement dans un socle en ciment au sud du wharf en béton, à l'entrée du tunnel.	Shom	2005	5.275	4.681	-0.594	60.672	NGNC
Port de Prony	Abords de Nouméa - Numbo	-22.348333	166.89		2011	1.4	1.15		0.76		0.35	0.05	Axe et sommet de la tige filetée du pilier de béton jaune situé près du onvoyeur, accessible depuis la mer par une route située à mi-chemin des 2 quais.	Shom	2006	14.512	13.929	-0.583	60.328	NGNC
Port Boisé	Abords de Nouméa - Numbo	-22.348333	166.963333		2013	1.33	1.05		0.76		0.35	0.09	Cbl3m3-008a	DITTT	2005	29.286	28.704	-0.582	60.611	NGNC
Goro	Abords de Nouméa - Numbo	-22.307333	167.010167		2021	1.36	1.1		0.78		0.35	0.09	Repère en bronze scellé dans le socle Sud Ouest de la pile Sud Est du tapis de roulement.	Shom	2005	3.66	3.068	-0.592		NGNC
Îlot N'Dié	Abords de Nouméa - Numbo	-22.52	167.194333		2022	1.44	1.2		0.88		0.5	0.18	Repère SH scellé horizontalement dans un tube PVC rempli de béton et en partie enterré, situé dans le nord-ouest de l’îlot. Repère nommé RA2 lors de la campagne 0281/585 (1980).	Shom		4.063			60.001	
Eouma	Abords de Nouméa - Numbo	-22.54	167.405333				1.35				0.5		Repère en bronze marqué SH scellé dans le corail mort à l'extrémité Sud de l'îlot EOUMA.	Shom		3.59				
Baie de Kuto	Abords de Nouméa - Numbo	-22.660333	167.437167			1.45	1.2		0.81		0.4	0.12	Douille SHOM implantée verticalement au sud du nouveau wharf de Kuto, proche de la première marche de l'escalier qui mène à la passerelle en bois.	Shom	2005	4.165	3.342	-0.823	59.259	NGNC
Thio	Abords de Thio	-21.612833	166.248333		2017	1.74	1.4		1.03		0.5	0.13	S5-505	DITTT	2005	6.853	6.072	-0.781	61.862	NGNC
Île Huon	Abords de Thio	-18.044444	162.955278										Repère de nivellement type S.H. scellé dans la stèle TRANSIT 1982 (l'ancienne inscription HUON n° 1 n'est plus visible). Il s'agit de la stèle située au milieu de l'île.	Shom	2016	7.619	7.012	-0.607	62.078	NGNC
Île Leizour	Abords de Thio	-18.288611	163.038611										Repère de nivellement type S.H. scellé dans la stèle Transit marquée 0050 MOP 1981.	Shom		3.757				
Île Surprise	Abords de Thio	-18.479483	163.085917		2021	1.85	1.4		1.1		0.65	0.15	Repère de nivellement de type SHOM scellé dans le soubassement de l'abri météo, marqué 4-MOP-81.	Shom		3.41			61.995	
Uala (Île Art)	Abords de Thio	-19.72	163.64		2018	1.8	1.4		1.08		0.55	0.14	Douille SHOM scellée horizontalement dans un ponceau de la route à environ 150 m du wharf de Uala en direction de la mairie.	Shom	2010	3.163	2.191	-0.972	60.709	NGNC
Yandé	Abords de Thio	-20.042167	163.790667			1.55	1.25		0.89		0.35	0	Repère de nivellement de type SHOM scellé au nord-est de la dalle béton du radier situé sur la piste allant du village de Hwa On à la cale de Wobwanyo.	Shom	2005	2.021	1.133	-0.888	59.987	NGNC
Poingam	Abords de Thio	-20.076667	164.025			1.53	1.25		0.9		0.35	-0.02	Ec-005	DITTT	2005	3.683	2.968	-0.715	60.81	NGNC
Arama	Abords de Thio	-20.245	164.206667										Eac-020	DITTT	2005	6.168	5.429	-0.739		NGNC
Pam	Abords de Thio	-20.243333	164.306667										Repère de type S.H scellé dans le pilier nord du porche de l'ancienne usine de Pam.	Shom		3.745			61.455	
Mahamaté	Abords de Thio	-20.293667	164.484167		2010	1.61	1.35		0.99		0.5	0.15	Repère de nivellement SHOM scellé horizontalement dans un poteau électrique en ciment (n°39/A4) situé à l’embranchement de la piste d’accès à la plage de Mahamate.	Shom	1997	5.027	4.265	-0.762	61.493	NGNC
Pouébo	Abords de Thio	-20.378333	164.593333		2018	1.62	1.3		0.98		0.5	0.08	N5-712	DITTT	2012	3.724	3.061	-0.663	61.804	NGNC
Tao	Abords de Thio	-20.560833	164.808333		2023	1.71	1.2		1.03		0.35	0.15	Repère de nivellement type SHOM scellé horizontalement dans le mur (extrémité Ouest).	Shom	2005	1.94	1.203	-0.737	62.221	NGNC
Hienghène	Abords de Thio	-20.689917	164.945		2018	1.71	1.35		1		0.5	0.11	N5-604	DITTT	2010	2.386	1.623	-0.763	62.25	NGNC
Baie de Touho	Abords de Thio	-20.775	165.235833			1.68	1.3		0.95		0.4	-0.03	Douille SHOM scellée horizontalement derrière la rampe du mur Ouest de la mairie de Touho.	Shom	2011	4.421	3.597	-0.824	62.07	NGNC
Ponérihouen	Abords de Thio	-21.06	165.407667		2019	1.67	1.35		1.02		0.5	0.13	Repère Fondamental scellé verticalement sur la RPN3 à 30 m à l'ouest de la cale.	Shom	2005	2.959	2.258	-0.701		NGNC
Poro	Abords de Thio	-21.305	165.718333		2017	1.46	1.25		0.88		0.4	0.05	AD-284	DITTT	2005	4.51	3.908	-0.602	62.011	NGNC
Kouaoua	Abords de Thio	-21.4	165.83			1.5	1.25		0.9		0.4	0.05	AD-231eI	DITTT	2005	2.111	1.385	-0.726		NGNC
Melace	Abords de Thio	-21.408667	165.9545										Repère de fabrication locale, scellé dans le rocher sur la falaise fermant au Sud Ouest la plage de MELACE.	Shom		3.1				
Amata	Abords de Thio	-21.461167	165.9715										Repère en bronze scellé dans la roche.	Shom		2.982			62.137	
Baie de Nakety	Abords de Thio	-21.521	166.089667										Douille scellée dans le sol de l'appentis contigu au dock	Shom		5.19				
Port Bouquet (Île Nemou)	Abords de Thio	-21.672667	166.372333										Repère en bronze marqué SH scellé dans faille du rocher sous un pin colonnaire.	Shom		2.817				
Port-Combui	Abords de Thio	-21.806667	166.507167			1.55	1.2		0.87		0.4	0.02	Partie inférieure du repère SHOM scellé dans la falaise, dans le prolongement du wharf et à une distance de 200 m, à 3,50 m au dessus du sol.	Shom	1982	6.875	6.116	-0.759		NGNC
Baie de Kouakoué	Abords de Thio	-21.932833	166.669167			1.55	1.2		0.85		0.35	-0.04	Repère SHOM scellé à 1 m au-dessus du sol dans une falaise située à 150 m de l'enracinement du wharf en direction du Sud.	Shom		2.037				
Baie Ouinné	Abords de Thio	-21.982917	166.683333		2020	1.75	1.4		1.01		0.5	0.14	Repère SHOM scellé à 1,40m au-dessus du sol dans un gros rocher en bordure de falaise, situé à 50m au Sud du wharf de Ouinné.	Shom	1993	8.507	7.549	-0.958	61.325	NGNC
Rivière de Mamié (Entrée)	Abords de Thio	-22.05	166.8925		2016	1.7	1.35		0.98		0.45	0.13	AD-015	DITTT	2005	3.096	2.263	-0.833	61.006	NGNC
Yaté	Abords de Thio	-22.156667	166.931667		2023	1.69	1.4		1.01		0.5	0.15	A'C'-087	DITTT	2005	7.986	7.256	-0.73	60.975	NGNC
Wadrilla	Abords de Thio	-20.548833	166.561		2020	1.81	1.45		1.05		0.5	0.11	I4-104	DITTT	2005	5.702	4.702	-1	62.085	NGNC
Fayaoué	Abords de Thio	-20.648333	166.543333										OV-015a	DITTT	2005	6.006	4.957	-1.049		NGNC
Chépénéhé	Abords de Thio	-20.781667	167.138333			1.46	1.2		0.88		0.4	0.12	I3-304	DITTT	2005	3.138	2.229	-0.909	61.832	NGNC
Douéoulou	Abords de Thio	-20.925	167.083333			1.4	1.2		0.88		0.4	0.09	LF-171	DITTT	2005	7.407	6.501	-0.906		NGNC
Wé	Abords de Thio	-20.916667	167.266667		2018	1.77	1.4		0.99		0.45	0.08	I3-003	DITTT	2005	5.223	4.229	-0.994	61.571	NGNC
Tiga	Abords de Thio	-21.1	167.798333		2008	1.7	1.35		0.98		0.45	0.08	I6-005	DITTT	2005	6.526	5.639	-0.887	59.534	NGNC
Baie de Ro	Abords de Thio	-21.393333	167.87			1.57	1.3		0.93		0.45	0.15	Repère en bronze marqué SH, scellé horizontalement dans le rocher, au Nord Est et à environ 15 m de l'observatoire.	Shom		3.668				
Baie de Tadine	Abords de Thio	-21.553333	167.88		2016	1.65	1.35		0.96		0.45	0.1	I2-004	DITTT	2005	2.86	1.781	-1.079	60.305	NGNC
La Roche	Abords de Thio	-21.461667	168.038333			1.62	1.4		0.99		0.45	0.14	MR-130c	DITTT	2005	2.17	1.18	-0.99		NGNC
Mata-Utu	Abords de Mata-Utu	-13.285	-176.17		2018	2.27	1.95	1.65	1.26	0.85	0.55	0.25	WL-012	DITTT	2006	3.826	2.683	-1.143	39.419	NGWF
Halalo	Abords de Mata-Utu	-13.341667	-176.225		2011	2.11	1.85	1.65	1.23	0.8	0.55	0.29	Douille scellée à l'extrémité du petit wharf situé au Nord de la cale de halage.	Shom	1996	2.31	1.176	-1.134	39.46	NGWF
Leava (Futuna)	Abords de Mata-Utu	-14.296667	-178.163333		2016	2.18	1.85	1.55	1.13	0.7	0.45	0.12	FT-000b	DITTT	2010	4.077	3.167	-0.91	45.844	NGWF
Papeete	Abords de Papeete	-17.533333	-149.57			0.73	0.65	0.55	0.51	0.45	0.4	0.34	Repère de nivellement de forme cylindrique scellé dans le quai. Repère pérenne.	Shom	2003	1.299	0.871	-0.428	7.986	IGN66
Matavai	Abords de Papeete	-17.516667	-149.516667			0.47	0.4	0.35	0.3	0.25	0.2	0.14	Repère de nivellement SHOM scellé dans le mur Est du nouveau temple.	Shom	1991	3.086	2.801	-0.285	7.82	NGT
Tiarei	Abords de Papeete	-17.535	-149.340167				0.65	0.55	0.45	0.4	0.3		Repère scellé dans le mur du temple de TIAREI.	Shom	1972	3.606	3.235	-0.371		NGT
Hitiaa	Abords de Papeete	-17.611	-149.2995										Goujon scellé dans le pignon Est du temple (coin Nord).	Shom	1972	1.855	1.555	-0.3		NGT
Faratea Taravao	Abords de Papeete	-17.722167	-149.302833		2022	0.73	0.55	0.5	0.4	0.3	0.25	0.16	RN 576-2	SAU Polynésie	2014	2.578	2.314	-0.264	8.255	NGPF
Tautira	Abords de Papeete	-17.755167	-149.156667		2021	0.65	0.55	0.5	0.41	0.35	0.3	0.17	RN 669	SAU Polynésie	2001	2.813	2.549	-0.264	6.841	NGPF
Vairao Oututaata	Abords de Papeete	-17.808	-149.294333		2018	0.84	0.75	0.6	0.54	0.45	0.4	0.28	Douille SHOM scellée verticalement dans la terrasse du bâtiment de direction du centre océanologique du Pacifique de l’Ifremer.	Shom	2016	1.978	1.563	-0.415	7.758	NGPF
Vaiare	Abords de Papeete	-17.52	-149.78		2023	0.63	0.5	0.45	0.39	0.35	0.3	0.19	RN 262	SAU Polynésie	2001	1.443	1.247	-0.196	7.266	NGPF
Mataiea	Abords de Papeete	-17.761667	-149.378667		2023	0.94	0.85	0.7	0.63	0.55	0.5	0.36	Repère de nivellement SHOM scellé horizontalement dans le bas de la façade Nord-Est du restaurant du musée Paul Gauguin.	Shom	2001	1.815	1.328	-0.487		NGPF
Papara	Abords de Papeete	-17.755	-149.542778										Repère NGT Mle 45 scellé dans le mur de la façade de la maison de réunion de la mission protestante (PK 31,46).	Shom	1966	6.26	5.84	-0.42		NGT
Paea-Maraa	Abords de Papeete	-17.743056	-149.574444										Repère scellé sur pile du pont.	Shom		2.645	2.221	-0.424		NGT
Haapiti	Abords de Papeete	-17.571667	-149.866667			0.61	0.55	0.5	0.4	0.35	0.3	0.23	Douille SHOM scellée verticalement à l'extrémité Ouest du quai du village de Haapiti.	Shom		1.284			6.456	
Papetoai	Abords de Papeete	-17.491667	-149.871667		2013	0.66	0.6	0.45	0.47	0.4	0.4	0.33	RN 226	SAU Polynésie	2007	4.485	4.157	-0.328	6.384	NGPF
Mouillage de Fare	Abords de Papeete	-16.716667	-151.033333			0.55	0.4	0.35	0.31	0.25	0.2	0.13	Douille SHOM scellée verticalement près de la cale de mise à l’eau de la gendarmerie de Fare. Repère pérenne.	Shom	2017	1.042	0.773	-0.269	7.97	NGPF
Vaitape	Abords de Papeete	-16.5075	-151.753333		2010	0.36	0.35	0.3	0.23	0.2	0.1	0.04	RN 1	SAU Polynésie	2013	1.928	1.728	-0.2	9.633	NGPF
Uturoa	Abords de Papeete	-16.728833	-151.442833		2023	0.73	0.6	0.6	0.58	0.6	0.55	0.45	Douille SHOM en laiton scellée horizontalement dans le pignon Nord-Ouest de l'église.	Shom	2001	1.608	1.108	-0.5	9.515	NGPF
Raivavae	Abords de Raivavae	-23.859333	-147.6855		2021	0.99	0.9	0.75	0.67	0.6	0.4	0.33	Douille SHOM scellée dans l'escalier d'accès au bureau de la gendarmerie de Rairua.	Shom		2.239			-1.861	
Rapa	Abords de Raivavae	-27.6145	-144.320833			0.98	0.8	0.6	0.5	0.4	0.15	-0.07	Repère en bronze de type Shom scellé horizontalement dans la paroi rocheuse face au quai de Temotuiri.	Shom	2007	2.278	1.703	-0.575	-2.497	LOCAL
Mataura	Abords de Raivavae	-23.344167	-149.4855										3 ème marche de l'escalier Est du quai de MATAURA.	Shom	1969	1.06	0	-1.06		LOCAL
Rochers Noirs - Tubuai	Abords de Raivavae	-23.3405	-149.475167		2019	1.1	1	0.85	0.75	0.65	0.5	0.39	Douille Shom scellée horizontalement dans le trottoir Nord de la salle d'attente du quai de Taahuaia. Repère pérenne.	Shom	2006	1.952	1.084	-0.868	-0.514	RGPF
Moerai	Abords de Raivavae	-22.45	-151.341667			1.02	0.8	0.65	0.51	0.4	0.2	0.01	Balise DORIS installée sur une borne en béton de 1m3 construite sur le terrain appartenant à l'aviation civile et à proximité de la tour de contrôle.	Shom		7.672			1.624	
Rimatara	Abords de Raivavae	-22.635833	-152.8										Repère SHOM scellé dans un bloc de corail surplombant le terre-plein, sur la partie Est de l'accès au quai.	Shom		4.32			2.369	
Rikitea	Îles Gambier	-23.116667	-134.966667		2019	1.22	1	0.9	0.68	0.45	0.35	0.17	Repère de nivellement type SHOM scellé horizontalement dans le mur Est (coin S.E.) de la cathédrale de Rikitea.	Shom		9.791			-8.068	
Mururoa	Abords de Mururoa	-21.833333	-138.783333		2020	1.24	1.1	0.9	0.71	0.6	0.3	0.19	Douille en laiton Shom scellée horizontalement dans le mur du Blockhaus Anémone.	Shom		3.293			-8.537	
Tuherahera (Tikehau)	Abords de Mururoa	-15.113333	-148.240833			0.59			0.55			0.39	Douille SHOM scellée verticalement à la moitié du wharf de Tuherahera côté ouest.	Shom		1.219			3.151	
Avatoru lagon	Abords de Mururoa	-14.95	-147.7		2015	0.68	0.6	0.55	0.44	0.35	0.25	0.2	Sommet du culot d'une douille de 40 mm scellée dans le pied d'une stèle.	Shom		1.921			3.143	
Rangiroa (aéroport)	Abords de Mururoa	-14.958333	-147.658333										Boulon hexagonal en acier, scellé horizontalement dans le muret de soutènement au niveau du slip de l'aéroport.	Shom		1.616			3.145	
Tiputa	Abords de Mururoa	-14.980333	-147.63										Repère de nivellement avec méplat sur le dessus, de type SHOM scellé horizontalement dans le soubassement du bâtiment de la Poste (OPT) de Tiputa.	Shom		2.867			3.014	
Paio	Abords de Mururoa	-15.02	-147.76										"Douille géodésique en laiton, type SHOM, scellée verticalement dans une borne en ciment sur le MOTU PAIO, gravée ""ROSE"""	Shom		1.767			3.827	
Rangiroa (lagon bleu)	Abords de Mururoa	-15.1	-147.925										Douille géodésique SHOM en laiton, scellée verticalement et coffrée dans un tube PVC, dans le corail à la pointe Sud-Est du récif situé entre le Lagon Bleu et le lagon de Rangiroa.	Shom		0.796			3.338	
Ahe	Abords de Mururoa	-14.538	-146.357167		2022	0.69	0.6	0.55	0.44	0.3	0.25	0.23	Douille SHOM scellée horizontalement dans le muret de l'habitation voisine du magasin, face au fare pote.	Shom		1.423			0.427	
Teavaroa	Abords de Mururoa	-14.474667	-145.037167			0.87	0.8	0.7	0.49	0.3	0.15	0.12	Repère en bronze type SHOM scellé horizontalement dans le mur Sud de la mairie.	Shom		2.226				
Makatea	Abords de Mururoa	-15.822778	-148.280556			0.53	0.5	0.4	0.3	0.25	0.1	0.08	pas de rattachement							
Arutua	Abords de Mururoa	-15.366667	-146.616667			0.83	0.7	0.6	0.52	0.5	0.4	0.25	Douille SHOM scellée verticalement sur le débarcadère du village de Rautini	Shom		1.3			1.294	
Tehere	Abords de Mururoa	-15.316667	-146.4			0.33	0.3	0.25	0.2	0.15	0.05	0.02	"Repère SHOM scellé horizontalement dans la borne géodésique ""PITATE""."	Shom		1.049				
Niutahi	Abords de Mururoa	-15.568	-146.41										Repère de nivellement SHOM scellé horizontalement dans l’angle sud-ouest de la poste d'Apataki.	Shom		1.29			1.237	
Anse Amyot	Abords de Mururoa	-15.804167	-146.152167										Sommet d'une tige en fer scellée dans le corail au milieu d'un tube en PVC, au Sud Ouest de la passe d'entrée de l'Anse Amyot sur le Motu Katuri (Borne AMI 3).	Shom		1.804				
Toau	Abords de Mururoa	-15.866667	-145.916667			0.92	0.8	0.75	0.6	0.5	0.4	0.28	"Borne MARAGAI douille de type SHOM cimentée et gravée ""MOP 20/9/94 MRY BSW""."	Shom		1.488			0.452	
Aratika (camp)	Abords de Mururoa	-15.470833	-145.535833										Repère de type SHOM scellé horizontalement dans l'embase du fût cimenté le plus à l'Est de l'ancien ponton au Nord-Est du Lagon.	Shom		0.626				
Aratika (village)	Abords de Mururoa	-15.505333	-145.456333										Repère fondamental type SHOM scellé horizontalement dans l'angle Ouest du soubassement de la maison communale  du village Paparara.	Shom		1.489				
Niau	Abords de Mururoa	-16.133333	-146.333333										Repère fondamental. Douille SHOM scellée verticalement, dans l'angle Ouest du muret de la darse de Tupana.	Shom		1.897			0.533	
Kauehi	Abords de Mururoa	-15.825	-145.111667										Borne « Paimpolaise », douille de type SHOM scellée verticalement et marquée « MOP87 » qui se trouve à environ 300m sur la droite du chemin qui part de l’église vers le Nord.	Shom		0.911			-0.421	
Rotoava	Abords de Mururoa	-16.055833	-145.62		2017	0.79	0.7	0.65	0.5	0.35	0.25	0.23	Vis scellée horizontalement dans le bâtiment le plus ancien de l'école primaire, à proximité de l'escalier (façade ouest). Repère pérenne.	Shom		1.438			0.167	
Motu Vahapiapia	Abords de Mururoa	-16.2595	-145.6225			0.66	0.6	0.4	0.35	0.2	0.1	0.07	"Repère en laiton gravé ""SH"" scellé sur le sommet d'un rocher à l'Est de la plage de débarquement du motu VAHAPIAPIA."	Shom		0.96				
Tetamanu	Abords de Mururoa	-16.5	-145.466667			0.73	0.7	0.6	0.44	0.3	0.2	0.19	"Repère fondamental. Douille SHOM marquée ""MANU-01"", scellée dans le coin droit de la marche en béton, délimitant le début du ponton."	Shom		0.769			-0.349	
Raraka	Abords de Mururoa	-16.098333	-144.95										Douille SHOM scellée horizontalement sur le mur Est de la rampe d'accès à l'Office des Postes et Télécommunications. Repère fondamental.	Shom		1.998			-0.69	
Katiu	Abords de Mururoa	-16.368889	-144.354722										Douille SHOM scellée verticalement sur le sommet de la bitte d’amarrage située au sud du quai.	Shom		2.409			-1.109	
Faaite	Abords de Mururoa	-16.701667	-145.355										Douille SHOM scellée horizontalement dans le mur d'enceinte (côté passe) de l'école d'Hitianau.	Shom		2.111			-0.944	
Raroia	Abords de Mururoa	-16.045	-142.471667										Douille de nivellement scellée horizontalement, sur la façade sud du hangar à coprah	Shom		1.812			-3.459	
Taenga	Abords de Mururoa	-16.361667	-143.186667										Douille SHOM scellée verticalement dans le coin Nord Ouest du quai.	Shom		1.688			-3.238	
Makemo	Abords de Mururoa	-16.628333	-143.566667		2018	1.08	0.85	0.75	0.64	0.45	0.45	0.38	Repère de nivellement type SHOM scellé horizontalement dans le mur SE de la maison de l’artisanat de Pouheva. Repère pérenne.	Shom		2.369			-2.21	
Tahanea	Abords de Mururoa	-16.866667	-144.666667			0.91	0.8	0.8	0.6	0.45	0.4	0.31	"Douille de fusil scellée dans un bloc de corail isolé, côté océan, dans le prolongement du ""hoa"" jouxtant l'ancien village de Kari Karina."	Shom		2.547			-1.49	
Mututunga	Abords de Mururoa	-17.0625	-144.402778										"Repère de nivellement ""SHOM"" scellé horizontalement sur le soubassement de la citerne Est, face Sud."	Shom		2.191			-1.995	
Amanu	Abords de Mururoa	-17.845	-140.851667										Douille de 20 mm marquée MHPF scellée dans le mur Ouest de la citerne située sur le quai d'Ikitake.	Shom		1.698			-5.962	
Hao (Passe Kaki)	Abords de Mururoa	-18.0725	-141		2008	1.16	1.1	0.95	0.8	0.7	0.5	0.49	pas de rattachement							
Hao (quai Louarn)	Abords de Mururoa	-18.065	-140.966667		2023								HAO - RN 5	SAU Polynésie	2015	2.505	1.776	-0.729	-5.64	NGPF
Tureia	Abords de Mururoa	-20.7725	-138.568667		2014	1.37	1.2	1	0.84	0.7	0.4	0.3	Douille SHOM dont la tête de douille n'existe plus, scellée verticalement dans un joint de dalle de béton de l'ancien héliport.	Shom		3.906			-8.393	
Mururoa (Faucon)	Abords de Mururoa	-21.8815	-139.036388										Boulon scellé dans l'angle Nord Ouest du quai.	Shom		1.4				
Mururoa (Hortensia)	Abords de Mururoa	-21.862333	-138.991167										Repère S.H. de nivellement scellé au sommet du gros rocher à proximité du beaching (1962).	Shom		1.108				
Mururoa (Giroflée)	Abords de Mururoa	-21.84	-138.948333										Repère de nivellement du type SHOM scellé horizontalement dans le mur d'enceinte Nord Est de l'îlot Giroflée.	Shom		2.78				
Fangataufa (Frégate)	Abords de Mururoa	-22.228333	-138.713333		2019	1.1	1	0.85	0.67	0.55	0.3	0.21	Repère type SHOM scellé horizontalement dans la première marche de l'escalier extérieur du PEA Frégate (blockhaus).	Shom		2.77			-8.68	
Fangataufa (large)	Abords de Mururoa	-22.2	-138.766667			0.96	0.8	0.7	0.54	0.4	0.2	0.12	Tube de 20 m/m scellé dans une borne en ciment à l'Est de la passe, côté lagon, (sommet du repère).	Shom						
Taiohae	Abords de Taiohae	-8.916667	-140.1			1.68	1.4	1.2	0.84	0.4	0.3	0.06	Repère SHOM scellé horizontalement dans le mur du bâtiment servant de prison et au service du cadastre. Repère pérenne.	Shom		6.727			4.626	
Île Eiao	Abords de Taiohae	-7.983333	-140.708333			1.59	1.3	1.2	0.76	0.3	0.2	-0.02	"Douille ""MOP 96"" de type SHOM scellée verticalement dans un rocher à proximité du repère de tirant d'air, au fond de la baie de Vaituha."	Shom		2.481			4.067	
Haopu	Abords de Taiohae	-8.825	-140.246667										Repère en bronze gravé S.H.O.M. scellé dans l'angle Nord Ouest de la dalle de béton supportant la baraque des T.P.	Shom		6.516				
Hatiheu	Abords de Taiohae	-8.815167	-140.085833										Douille SHOM scellée verticalement dans une dalle en béton située à proximité de l'église. Repère pérenne.	Shom		5.089				
Aotupa	Abords de Taiohae	-8.9275	-140.115										"Douille de 40 mm marquée MHPF 61 - origine des cotes "" la partie supérieure de la douille""."	Shom		3.712				
Hane	Abords de Taiohae	-8.928333	-139.533333										Repère type S.H.O.M. scellé horizontalement dans la falaise à proximité du débarcadère.	Shom		4.223				
Hakahau	Abords de Taiohae	-9.3575	-140.046667										Repère Shom scellé horizontalement dans la falaise 100 mètres au sud du quai du village de Hakahau.	Shom		5.857			2.426	
Hakatao	Abords de Taiohae	-9.450833	-140.085833										Repère de nivellement SHOM scellé dans le mur de l'atelier de réparations des bateaux.	Shom		4.086				
Hanaiapa	Abords de Taiohae	-9.715	-139.015										Repère SHOM scellé horizontalement dans le coin NE du préau de l'école de Hanaiapa.	Shom		11.038			2.869	
Puamau	Abords de Taiohae	-9.765	-138.878333										Repère en bronze de type SHOM scellé dans le soubassement de l'église.	Shom		7.749				
Atuona	Abords de Taiohae	-9.805	-139.031667			1.67	1.4	1.2	0.84	0.4	0.35	0.09	Repère de type SHOM scellé dans la base du phare de la pointe FEKI.	Shom		45.988			3.277	
Vaitahu	Abords de Taiohae	-9.935	-139.11				1.4	1.2		0.4	0.3		Boulon hexagonal en acier scellé verticalement dans une marche en bordure de l'angle SW de la chapelle de Vaitahu.	Shom		4.718			2.121	
Hanavave	Abords de Taiohae	-10.465	-138.666667										Repère de l'observatoire, repère en bronze de type S.H.O.M scellé dans le mur du clocher de l'église.	Shom		7.13				
Omoa	Abords de Taiohae	-10.511667	-138.6875										Repère SHOM en bronze scellé horizontalement dans le parapet du débarcadère.	Shom		4.73				
Clipperton	Atoll de Clipperton	10.288167	-109.204		2014	1.6	1.25		0.93		0.6	0.24	Clou d’arpentage planté dans une patate de corail située sur le plateau à 50 m dans le 025° de l’épave se trouvant au sud du Rocher Clipperton. Ce clou correspond au repère 1 (CLIP02) de la  fiche géodésique « Océan Pacifique nord-est – Sud atoll de Clipperton – CLIP02 et CLIP03 »  du 23 octobre 2013. Repère non pérenne	Shom		2.82			-26.59	
Lagon de Clipperton	Atoll de Clipperton	10.296667	-109.216667										Douille SHOM scellée verticalement dans un bloc de corail, au SE du Rocher et correspondant au repère CLIP04 de la fiche géodésique « Clipperton – Le Rocher ».Repère pérenne.	Shom		1.2			-26.06	
