date,t,lead_h,obs,ia,baseline,baseline_model
2026-07-04,2026-07-04T07:00:00Z,1,0.9,0.9759,0.9133,
2026-07-04,2026-07-04T08:00:00Z,2,0.8,0.9184,0.9067,
2026-07-04,2026-07-04T09:00:00Z,3,0.9,0.9095,0.9,
2026-07-04,2026-07-04T10:00:00Z,4,0.8,0.8725,0.8933,
2026-07-04,2026-07-04T11:00:00Z,5,0.9,0.8848,0.8867,
2026-07-04,2026-07-04T12:00:00Z,6,0.8,0.9525,0.88,
2026-07-04,2026-07-04T13:00:00Z,7,0.8,0.9369,0.8733,
2026-07-04,2026-07-04T14:00:00Z,8,0.8,0.8443,0.8667,
2026-07-04,2026-07-04T15:00:00Z,9,0.8,0.8566,0.86,
2026-07-04,2026-07-04T16:00:00Z,10,0.8,0.8526,0.86,
2026-07-04,2026-07-04T17:00:00Z,11,0.8,0.8577,0.86,
2026-07-04,2026-07-04T18:00:00Z,12,0.7,0.8588,0.86,
2026-07-04,2026-07-04T19:00:00Z,13,0.7,0.9046,0.9,
2026-07-04,2026-07-04T20:00:00Z,14,0.7,1.0183,0.94,
2026-07-04,2026-07-04T21:00:00Z,15,0.7,0.9483,0.98,
2026-07-04,2026-07-04T22:00:00Z,16,0.8,0.9739,0.9867,
2026-07-04,2026-07-04T23:00:00Z,17,0.9,0.9919,0.9933,
2026-07-04,2026-07-05T00:00:00Z,18,0.9,1.0045,1.0,
2026-07-04,2026-07-05T01:00:00Z,19,0.9,0.9929,0.9933,
2026-07-04,2026-07-05T02:00:00Z,20,1.0,0.9678,0.9867,
2026-07-04,2026-07-05T03:00:00Z,21,0.9,0.9542,0.98,
2026-07-04,2026-07-05T04:00:00Z,22,0.9,0.9612,0.96,
2026-07-04,2026-07-05T05:00:00Z,23,0.9,0.9633,0.94,
2026-07-04,2026-07-05T06:00:00Z,24,0.9,0.9252,0.92,
2026-07-04,2026-07-05T07:00:00Z,25,0.9,0.8679,0.8967,
2026-07-05,2026-07-05T07:00:00Z,1,0.9,0.7895,0.8967,
2026-07-04,2026-07-05T08:00:00Z,26,0.9,0.8663,0.8733,
2026-07-05,2026-07-05T08:00:00Z,2,0.9,0.7861,0.8733,
2026-07-04,2026-07-05T09:00:00Z,27,0.8,0.8306,0.85,
2026-07-05,2026-07-05T09:00:00Z,3,0.8,0.747,0.85,
2026-07-04,2026-07-05T10:00:00Z,28,0.8,0.8311,0.8533,
2026-07-05,2026-07-05T10:00:00Z,4,0.8,0.7349,0.8533,
2026-07-04,2026-07-05T11:00:00Z,29,0.8,0.8427,0.8567,
2026-07-05,2026-07-05T11:00:00Z,5,0.8,0.7456,0.8567,
2026-07-04,2026-07-05T12:00:00Z,30,0.8,0.8438,0.86,
2026-07-05,2026-07-05T12:00:00Z,6,0.8,0.7454,0.86,
2026-07-04,2026-07-05T13:00:00Z,31,0.8,0.8253,0.85,
2026-07-05,2026-07-05T13:00:00Z,7,0.8,0.7247,0.85,
2026-07-04,2026-07-05T14:00:00Z,32,0.7,0.8261,0.84,
2026-07-05,2026-07-05T14:00:00Z,8,0.7,0.7255,0.84,
2026-07-04,2026-07-05T15:00:00Z,33,0.7,0.8374,0.83,
2026-07-05,2026-07-05T15:00:00Z,9,0.7,0.7393,0.83,
2026-07-04,2026-07-05T16:00:00Z,34,0.6,0.8418,0.82,
2026-07-05,2026-07-05T16:00:00Z,10,0.6,0.7497,0.82,
2026-07-04,2026-07-05T17:00:00Z,35,0.6,0.8066,0.81,
2026-07-05,2026-07-05T17:00:00Z,11,0.6,0.7179,0.81,
2026-07-04,2026-07-05T18:00:00Z,36,0.7,0.8119,0.8,
2026-07-05,2026-07-05T18:00:00Z,12,0.7,0.7284,0.8,
2026-07-04,2026-07-05T19:00:00Z,37,0.7,0.8541,0.82,
2026-07-05,2026-07-05T19:00:00Z,13,0.7,0.7618,0.82,
2026-07-04,2026-07-05T20:00:00Z,38,0.8,0.8174,0.84,
2026-07-05,2026-07-05T20:00:00Z,14,0.8,0.7339,0.84,
2026-07-04,2026-07-05T21:00:00Z,39,0.7,0.8311,0.86,
2026-07-05,2026-07-05T21:00:00Z,15,0.7,0.7419,0.86,
2026-07-04,2026-07-05T22:00:00Z,40,0.8,0.8383,0.8467,
2026-07-05,2026-07-05T22:00:00Z,16,0.8,0.7452,0.8467,
2026-07-04,2026-07-05T23:00:00Z,41,0.8,0.8333,0.8333,
2026-07-05,2026-07-05T23:00:00Z,17,0.8,0.741,0.8333,
2026-07-04,2026-07-06T00:00:00Z,42,0.8,0.8315,0.82,
2026-07-05,2026-07-06T00:00:00Z,18,0.8,0.7369,0.82,
2026-07-04,2026-07-06T01:00:00Z,43,0.8,0.8114,0.7933,
2026-07-05,2026-07-06T01:00:00Z,19,0.8,0.7029,0.7933,
2026-07-04,2026-07-06T02:00:00Z,44,0.7,0.767,0.7667,
2026-07-05,2026-07-06T02:00:00Z,20,0.7,0.6703,0.7667,
2026-07-04,2026-07-06T03:00:00Z,45,0.7,0.7568,0.74,
2026-07-05,2026-07-06T03:00:00Z,21,0.7,0.651,0.74,
2026-07-04,2026-07-06T04:00:00Z,46,0.7,0.7288,0.7233,
2026-07-05,2026-07-06T04:00:00Z,22,0.7,0.6309,0.7233,
2026-07-04,2026-07-06T05:00:00Z,47,0.6,0.7483,0.7067,
2026-07-05,2026-07-06T05:00:00Z,23,0.6,0.641,0.7067,
2026-07-04,2026-07-06T06:00:00Z,48,0.6,0.7377,0.69,
2026-07-05,2026-07-06T06:00:00Z,24,0.6,0.6414,0.69,
2026-07-05,2026-07-06T07:00:00Z,25,0.6,0.575,0.67,
2026-07-06,2026-07-06T07:00:00Z,1,0.6,0.5771,0.67,
2026-07-05,2026-07-06T08:00:00Z,26,0.6,0.5505,0.65,
2026-07-06,2026-07-06T08:00:00Z,2,0.6,0.5563,0.65,
2026-07-05,2026-07-06T09:00:00Z,27,0.6,0.5511,0.63,
2026-07-06,2026-07-06T09:00:00Z,3,0.6,0.5527,0.63,
2026-07-05,2026-07-06T10:00:00Z,28,0.5,0.5443,0.6133,
2026-07-06,2026-07-06T10:00:00Z,4,0.5,0.5422,0.6133,
2026-07-05,2026-07-06T11:00:00Z,29,0.5,0.4726,0.5967,
2026-07-06,2026-07-06T11:00:00Z,5,0.5,0.4793,0.5967,
2026-07-05,2026-07-06T12:00:00Z,30,0.5,0.4425,0.58,
2026-07-06,2026-07-06T12:00:00Z,6,0.5,0.4592,0.58,
2026-07-05,2026-07-06T13:00:00Z,31,0.5,0.4326,0.58,
2026-07-06,2026-07-06T13:00:00Z,7,0.5,0.4568,0.58,
2026-07-05,2026-07-06T14:00:00Z,32,0.5,0.4292,0.58,
2026-07-06,2026-07-06T14:00:00Z,8,0.5,0.4568,0.58,
2026-07-05,2026-07-06T15:00:00Z,33,0.5,0.4321,0.58,
2026-07-06,2026-07-06T15:00:00Z,9,0.5,0.4631,0.58,
2026-07-05,2026-07-06T16:00:00Z,34,0.5,0.414,0.5667,
2026-07-06,2026-07-06T16:00:00Z,10,0.5,0.4376,0.5667,
2026-07-05,2026-07-06T17:00:00Z,35,0.4,0.4199,0.5533,
2026-07-06,2026-07-06T17:00:00Z,11,0.4,0.4424,0.5533,
2026-07-05,2026-07-06T18:00:00Z,36,0.5,0.4394,0.54,
2026-07-06,2026-07-06T18:00:00Z,12,0.5,0.4519,0.54,
2026-07-05,2026-07-06T19:00:00Z,37,0.4,0.4463,0.5267,
2026-07-06,2026-07-06T19:00:00Z,13,0.4,0.4646,0.5267,
2026-07-05,2026-07-06T20:00:00Z,38,0.4,0.4133,0.5133,
2026-07-06,2026-07-06T20:00:00Z,14,0.4,0.437,0.5133,
2026-07-05,2026-07-06T21:00:00Z,39,0.4,0.411,0.5,
2026-07-06,2026-07-06T21:00:00Z,15,0.4,0.4327,0.5,
2026-07-05,2026-07-06T22:00:00Z,40,0.4,0.4176,0.49,
2026-07-06,2026-07-06T22:00:00Z,16,0.4,0.4273,0.49,
2026-07-05,2026-07-06T23:00:00Z,41,0.4,0.4657,0.48,
2026-07-06,2026-07-06T23:00:00Z,17,0.4,0.4548,0.48,
2026-07-05,2026-07-07T00:00:00Z,42,0.4,0.4058,0.47,
2026-07-06,2026-07-07T00:00:00Z,18,0.4,0.4064,0.47,
2026-07-05,2026-07-07T01:00:00Z,43,0.4,0.3986,0.4667,
2026-07-06,2026-07-07T01:00:00Z,19,0.4,0.4099,0.4667,
2026-07-05,2026-07-07T02:00:00Z,44,0.4,0.4073,0.4633,
2026-07-06,2026-07-07T02:00:00Z,20,0.4,0.4166,0.4633,
2026-07-05,2026-07-07T03:00:00Z,45,0.4,0.462,0.46,
2026-07-06,2026-07-07T03:00:00Z,21,0.4,0.4658,0.46,
2026-07-05,2026-07-07T04:00:00Z,46,0.5,0.4514,0.5233,
2026-07-06,2026-07-07T04:00:00Z,22,0.5,0.4523,0.5233,
2026-07-05,2026-07-07T05:00:00Z,47,0.5,0.5692,0.5867,
2026-07-06,2026-07-07T05:00:00Z,23,0.5,0.5814,0.5867,
2026-07-05,2026-07-07T06:00:00Z,48,0.7,0.6585,0.65,
2026-07-06,2026-07-07T06:00:00Z,24,0.7,0.654,0.65,
2026-07-06,2026-07-07T07:00:00Z,25,0.7,0.6506,0.6333,
2026-07-07,2026-07-07T07:00:00Z,1,0.7,0.7234,0.6333,
2026-07-06,2026-07-07T08:00:00Z,26,0.7,0.6159,0.6167,
2026-07-07,2026-07-07T08:00:00Z,2,0.7,0.6718,0.6167,
2026-07-06,2026-07-07T09:00:00Z,27,0.8,0.5902,0.6,
2026-07-07,2026-07-07T09:00:00Z,3,0.8,0.6306,0.6,
2026-07-06,2026-07-07T10:00:00Z,28,0.8,0.5632,0.59,
2026-07-07,2026-07-07T10:00:00Z,4,0.8,0.584,0.59,
2026-07-06,2026-07-07T11:00:00Z,29,0.8,0.5249,0.58,
2026-07-07,2026-07-07T11:00:00Z,5,0.8,0.5567,0.58,
2026-07-06,2026-07-07T12:00:00Z,30,0.7,0.4717,0.57,
2026-07-07,2026-07-07T12:00:00Z,6,0.7,0.5155,0.57,
2026-07-06,2026-07-07T13:00:00Z,31,0.7,0.5298,0.5767,
2026-07-07,2026-07-07T13:00:00Z,7,0.7,0.5644,0.5767,
2026-07-06,2026-07-07T14:00:00Z,32,0.7,0.5632,0.5833,
2026-07-07,2026-07-07T14:00:00Z,8,0.7,0.5839,0.5833,
2026-07-06,2026-07-07T15:00:00Z,33,0.6,0.6196,0.59,
2026-07-07,2026-07-07T15:00:00Z,9,0.6,0.6423,0.59,
2026-07-06,2026-07-07T16:00:00Z,34,0.6,0.6602,0.65,
2026-07-07,2026-07-07T16:00:00Z,10,0.6,0.6785,0.65,
2026-07-06,2026-07-07T17:00:00Z,35,0.6,0.7476,0.71,
2026-07-07,2026-07-07T17:00:00Z,11,0.6,0.7837,0.71,
2026-07-06,2026-07-07T18:00:00Z,36,0.6,0.789,0.77,
2026-07-07,2026-07-07T18:00:00Z,12,0.6,0.8316,0.77,
2026-07-06,2026-07-07T19:00:00Z,37,0.6,0.8458,0.82,
2026-07-07,2026-07-07T19:00:00Z,13,0.6,0.9128,0.82,
2026-07-06,2026-07-07T20:00:00Z,38,0.8,0.8185,0.87,
2026-07-07,2026-07-07T20:00:00Z,14,0.8,0.9002,0.87,
2026-07-06,2026-07-07T21:00:00Z,39,0.8,0.8839,0.92,
2026-07-07,2026-07-07T21:00:00Z,15,0.8,0.9705,0.92,
2026-07-06,2026-07-07T22:00:00Z,40,0.8,0.7523,0.8967,
2026-07-07,2026-07-07T22:00:00Z,16,0.8,0.8404,0.8967,
2026-07-06,2026-07-07T23:00:00Z,41,0.8,0.7449,0.8733,
2026-07-07,2026-07-07T23:00:00Z,17,0.8,0.8314,0.8733,
2026-07-06,2026-07-08T00:00:00Z,42,0.7,0.6993,0.85,
2026-07-07,2026-07-08T00:00:00Z,18,0.7,0.7993,0.85,
2026-07-06,2026-07-08T01:00:00Z,43,0.7,0.7145,0.8167,
2026-07-07,2026-07-08T01:00:00Z,19,0.7,0.8028,0.8167,
2026-07-06,2026-07-08T02:00:00Z,44,0.7,0.7131,0.7833,
2026-07-07,2026-07-08T02:00:00Z,20,0.7,0.7807,0.7833,
2026-07-06,2026-07-08T03:00:00Z,45,0.7,0.6781,0.75,
2026-07-07,2026-07-08T03:00:00Z,21,0.7,0.7394,0.75,
2026-07-06,2026-07-08T04:00:00Z,46,0.7,0.6712,0.7267,
2026-07-07,2026-07-08T04:00:00Z,22,0.7,0.7414,0.7267,
2026-07-06,2026-07-08T05:00:00Z,47,0.7,0.6649,0.7033,
2026-07-07,2026-07-08T05:00:00Z,23,0.7,0.7351,0.7033,
2026-07-06,2026-07-08T06:00:00Z,48,0.6,0.6602,0.68,
2026-07-07,2026-07-08T06:00:00Z,24,0.6,0.7334,0.68,
2026-07-07,2026-07-08T07:00:00Z,25,0.6,0.6559,0.6667,
2026-07-08,2026-07-08T07:00:00Z,1,0.6,0.6108,0.6667,
2026-07-07,2026-07-08T08:00:00Z,26,0.6,0.6395,0.6533,
2026-07-08,2026-07-08T08:00:00Z,2,0.6,0.6026,0.6533,
2026-07-07,2026-07-08T09:00:00Z,27,0.6,0.6545,0.64,
2026-07-08,2026-07-08T09:00:00Z,3,0.6,0.613,0.64,
2026-07-07,2026-07-08T10:00:00Z,28,0.6,0.6319,0.6333,
2026-07-08,2026-07-08T10:00:00Z,4,0.6,0.5876,0.6333,
2026-07-07,2026-07-08T11:00:00Z,29,0.6,0.6294,0.6267,
2026-07-08,2026-07-08T11:00:00Z,5,0.6,0.6004,0.6267,
2026-07-07,2026-07-08T12:00:00Z,30,0.5,0.6393,0.62,
2026-07-08,2026-07-08T12:00:00Z,6,0.5,0.6155,0.62,
2026-07-07,2026-07-08T13:00:00Z,31,0.5,0.6091,0.6067,
2026-07-08,2026-07-08T13:00:00Z,7,0.5,0.5896,0.6067,
2026-07-07,2026-07-08T14:00:00Z,32,0.5,0.5721,0.5933,
2026-07-08,2026-07-08T14:00:00Z,8,0.5,0.5508,0.5933,
2026-07-07,2026-07-08T15:00:00Z,33,0.5,0.5941,0.58,
2026-07-08,2026-07-08T15:00:00Z,9,0.5,0.5822,0.58,
2026-07-07,2026-07-08T16:00:00Z,34,0.5,0.536,0.57,
2026-07-08,2026-07-08T16:00:00Z,10,0.5,0.5265,0.57,
2026-07-07,2026-07-08T17:00:00Z,35,0.6,0.552,0.56,
2026-07-08,2026-07-08T17:00:00Z,11,0.6,0.5295,0.56,
2026-07-07,2026-07-08T18:00:00Z,36,0.6,0.4932,0.55,
2026-07-08,2026-07-08T18:00:00Z,12,0.6,0.4718,0.55,
2026-07-07,2026-07-08T19:00:00Z,37,0.6,0.5123,0.5467,
2026-07-08,2026-07-08T19:00:00Z,13,0.6,0.4933,0.5467,
2026-07-07,2026-07-08T20:00:00Z,38,0.5,0.5155,0.5433,
2026-07-08,2026-07-08T20:00:00Z,14,0.5,0.5108,0.5433,
2026-07-07,2026-07-08T21:00:00Z,39,0.5,0.5146,0.54,
2026-07-08,2026-07-08T21:00:00Z,15,0.5,0.5124,0.54,
2026-07-07,2026-07-08T22:00:00Z,40,0.5,0.5067,0.54,
2026-07-08,2026-07-08T22:00:00Z,16,0.5,0.5237,0.54,
2026-07-07,2026-07-08T23:00:00Z,41,0.5,0.5049,0.54,
2026-07-08,2026-07-08T23:00:00Z,17,0.5,0.5219,0.54,
2026-07-07,2026-07-09T00:00:00Z,42,0.4,0.5012,0.54,
2026-07-08,2026-07-09T00:00:00Z,18,0.4,0.5152,0.54,
2026-07-07,2026-07-09T01:00:00Z,43,0.4,0.5091,0.54,
2026-07-08,2026-07-09T01:00:00Z,19,0.4,0.529,0.54,
2026-07-07,2026-07-09T02:00:00Z,44,0.4,0.5013,0.54,
2026-07-08,2026-07-09T02:00:00Z,20,0.4,0.5244,0.54,
2026-07-07,2026-07-09T03:00:00Z,45,0.4,0.4908,0.54,
2026-07-08,2026-07-09T03:00:00Z,21,0.4,0.5048,0.54,
2026-07-07,2026-07-09T04:00:00Z,46,0.4,0.4817,0.5367,
2026-07-08,2026-07-09T04:00:00Z,22,0.4,0.4907,0.5367,
2026-07-07,2026-07-09T05:00:00Z,47,0.4,0.4802,0.5333,
2026-07-08,2026-07-09T05:00:00Z,23,0.4,0.4877,0.5333,
2026-07-07,2026-07-09T06:00:00Z,48,0.4,0.4684,0.53,
2026-07-08,2026-07-09T06:00:00Z,24,0.4,0.4669,0.53,
2026-07-08,2026-07-09T07:00:00Z,25,0.4,0.4649,0.5267,
2026-07-09,2026-07-09T07:00:00Z,1,0.4,0.4496,0.5267,
2026-07-08,2026-07-09T08:00:00Z,26,0.4,0.4817,0.5233,
2026-07-09,2026-07-09T08:00:00Z,2,0.4,0.4665,0.5233,
2026-07-08,2026-07-09T09:00:00Z,27,0.4,0.4924,0.52,
2026-07-09,2026-07-09T09:00:00Z,3,0.4,0.4902,0.52,
2026-07-08,2026-07-09T10:00:00Z,28,0.4,0.4876,0.5267,
2026-07-09,2026-07-09T10:00:00Z,4,0.4,0.4891,0.5267,
2026-07-08,2026-07-09T11:00:00Z,29,0.4,0.493,0.5333,
2026-07-09,2026-07-09T11:00:00Z,5,0.4,0.5181,0.5333,
2026-07-08,2026-07-09T12:00:00Z,30,0.4,0.478,0.54,
2026-07-09,2026-07-09T12:00:00Z,6,0.4,0.5222,0.54,
2026-07-08,2026-07-09T13:00:00Z,31,0.4,0.4896,0.5533,
2026-07-09,2026-07-09T13:00:00Z,7,0.4,0.5204,0.5533,
2026-07-08,2026-07-09T14:00:00Z,32,0.4,0.5395,0.5667,
2026-07-09,2026-07-09T14:00:00Z,8,0.4,0.552,0.5667,
2026-07-08,2026-07-09T15:00:00Z,33,0.4,0.5904,0.58,
2026-07-09,2026-07-09T15:00:00Z,9,0.4,0.5974,0.58,
2026-07-08,2026-07-09T16:00:00Z,34,0.5,0.6324,0.59,
2026-07-09,2026-07-09T16:00:00Z,10,0.5,0.6232,0.59,
2026-07-08,2026-07-09T17:00:00Z,35,0.5,0.5982,0.6,
2026-07-09,2026-07-09T17:00:00Z,11,0.5,0.6028,0.6,
2026-07-08,2026-07-09T18:00:00Z,36,0.5,0.6331,0.61,
2026-07-09,2026-07-09T18:00:00Z,12,0.5,0.6423,0.61,
2026-07-08,2026-07-09T19:00:00Z,37,0.5,0.73,0.6167,
2026-07-09,2026-07-09T19:00:00Z,13,0.5,0.7406,0.6167,
2026-07-08,2026-07-09T20:00:00Z,38,0.5,0.7305,0.6233,
2026-07-09,2026-07-09T20:00:00Z,14,0.5,0.7346,0.6233,
2026-07-08,2026-07-09T21:00:00Z,39,0.6,0.7245,0.63,
2026-07-09,2026-07-09T21:00:00Z,15,0.6,0.7298,0.63,
2026-07-08,2026-07-09T22:00:00Z,40,0.6,0.7346,0.64,
2026-07-09,2026-07-09T22:00:00Z,16,0.6,0.7311,0.64,
2026-07-08,2026-07-09T23:00:00Z,41,0.6,0.7392,0.65,
2026-07-09,2026-07-09T23:00:00Z,17,0.6,0.7354,0.65,
2026-07-08,2026-07-10T00:00:00Z,42,0.7,0.7399,0.66,
2026-07-09,2026-07-10T00:00:00Z,18,0.7,0.7637,0.66,
2026-07-08,2026-07-10T01:00:00Z,43,0.7,0.6827,0.6667,
2026-07-09,2026-07-10T01:00:00Z,19,0.7,0.6938,0.6667,
2026-07-08,2026-07-10T02:00:00Z,44,0.6,0.7044,0.6733,
2026-07-09,2026-07-10T02:00:00Z,20,0.6,0.7151,0.6733,
2026-07-08,2026-07-10T03:00:00Z,45,0.7,0.7505,0.68,
2026-07-09,2026-07-10T03:00:00Z,21,0.7,0.7752,0.68,
2026-07-08,2026-07-10T04:00:00Z,46,0.7,0.7316,0.6833,
2026-07-09,2026-07-10T04:00:00Z,22,0.7,0.7708,0.6833,
2026-07-08,2026-07-10T05:00:00Z,47,0.6,0.7517,0.6867,
2026-07-09,2026-07-10T05:00:00Z,23,0.6,0.8078,0.6867,
2026-07-08,2026-07-10T06:00:00Z,48,0.6,0.8006,0.69,
2026-07-09,2026-07-10T06:00:00Z,24,0.6,0.8481,0.69,
2026-07-09,2026-07-10T07:00:00Z,25,0.7,0.8423,0.6867,
2026-07-10,2026-07-10T07:00:00Z,1,0.7,0.7628,0.6867,
2026-07-09,2026-07-10T08:00:00Z,26,0.7,0.8125,0.6833,
2026-07-10,2026-07-10T08:00:00Z,2,0.7,0.7362,0.6833,
2026-07-09,2026-07-10T09:00:00Z,27,0.7,0.7757,0.68,
2026-07-10,2026-07-10T09:00:00Z,3,0.7,0.6995,0.68,
2026-07-09,2026-07-10T10:00:00Z,28,0.7,0.7511,0.6767,
2026-07-10,2026-07-10T10:00:00Z,4,0.7,0.6641,0.6767,
2026-07-09,2026-07-10T11:00:00Z,29,0.7,0.6685,0.6733,
2026-07-10,2026-07-10T11:00:00Z,5,0.7,0.5889,0.6733,
2026-07-09,2026-07-10T12:00:00Z,30,0.7,0.6882,0.67,
2026-07-10,2026-07-10T12:00:00Z,6,0.7,0.6129,0.67,
2026-07-09,2026-07-10T13:00:00Z,31,0.6,0.6804,0.6633,
2026-07-10,2026-07-10T13:00:00Z,7,0.6,0.6304,0.6633,
2026-07-09,2026-07-10T14:00:00Z,32,0.6,0.6505,0.6567,
2026-07-10,2026-07-10T14:00:00Z,8,0.6,0.5957,0.6567,
2026-07-09,2026-07-10T15:00:00Z,33,0.6,0.6581,0.65,
2026-07-10,2026-07-10T15:00:00Z,9,0.6,0.6141,0.65,
2026-07-09,2026-07-10T16:00:00Z,34,0.6,0.6562,0.6533,
2026-07-10,2026-07-10T16:00:00Z,10,0.6,0.619,0.6533,
2026-07-09,2026-07-10T17:00:00Z,35,0.6,0.664,0.6567,
2026-07-10,2026-07-10T17:00:00Z,11,0.6,0.6303,0.6567,
2026-07-09,2026-07-10T18:00:00Z,36,0.6,0.6808,0.66,
2026-07-10,2026-07-10T18:00:00Z,12,0.6,0.6554,0.66,
2026-07-09,2026-07-10T19:00:00Z,37,0.6,0.6856,0.66,
2026-07-10,2026-07-10T19:00:00Z,13,0.6,0.6637,0.66,
2026-07-09,2026-07-10T20:00:00Z,38,0.6,0.6767,0.66,
2026-07-10,2026-07-10T20:00:00Z,14,0.6,0.6519,0.66,
2026-07-09,2026-07-10T21:00:00Z,39,0.7,0.687,0.66,
2026-07-10,2026-07-10T21:00:00Z,15,0.7,0.648,0.66,
2026-07-09,2026-07-10T22:00:00Z,40,0.6,0.6682,0.65,
2026-07-10,2026-07-10T22:00:00Z,16,0.6,0.6286,0.65,
2026-07-09,2026-07-10T23:00:00Z,41,0.6,0.6714,0.64,
2026-07-10,2026-07-10T23:00:00Z,17,0.6,0.6146,0.64,
2026-07-09,2026-07-11T00:00:00Z,42,0.6,0.6568,0.63,
2026-07-10,2026-07-11T00:00:00Z,18,0.6,0.622,0.63,
2026-07-09,2026-07-11T01:00:00Z,43,0.5,0.6345,0.6233,
2026-07-10,2026-07-11T01:00:00Z,19,0.5,0.5991,0.6233,
2026-07-09,2026-07-11T02:00:00Z,44,0.5,0.636,0.6167,
2026-07-10,2026-07-11T02:00:00Z,20,0.5,0.5843,0.6167,
2026-07-09,2026-07-11T03:00:00Z,45,0.5,0.6429,0.61,
2026-07-10,2026-07-11T03:00:00Z,21,0.5,0.5688,0.61,
2026-07-09,2026-07-11T04:00:00Z,46,0.5,0.6575,0.62,
2026-07-10,2026-07-11T04:00:00Z,22,0.5,0.6101,0.62,
2026-07-09,2026-07-11T05:00:00Z,47,0.5,0.6878,0.63,
2026-07-10,2026-07-11T05:00:00Z,23,0.5,0.6464,0.63,
2026-07-09,2026-07-11T06:00:00Z,48,0.5,0.6822,0.64,
2026-07-10,2026-07-11T06:00:00Z,24,0.5,0.6368,0.64,
2026-07-10,2026-07-11T07:00:00Z,25,0.6,0.618,0.65,
2026-07-11,2026-07-11T07:00:00Z,1,0.6,0.6312,0.65,
2026-07-10,2026-07-11T08:00:00Z,26,0.6,0.5937,0.66,
2026-07-11,2026-07-11T08:00:00Z,2,0.6,0.6048,0.66,
2026-07-10,2026-07-11T09:00:00Z,27,0.6,0.6083,0.67,
2026-07-11,2026-07-11T09:00:00Z,3,0.6,0.632,0.67,
2026-07-10,2026-07-11T10:00:00Z,28,0.6,0.5946,0.66,
2026-07-11,2026-07-11T10:00:00Z,4,0.6,0.6309,0.66,
2026-07-10,2026-07-11T11:00:00Z,29,0.6,0.5981,0.65,
2026-07-11,2026-07-11T11:00:00Z,5,0.6,0.6651,0.65,
2026-07-10,2026-07-11T12:00:00Z,30,0.6,0.594,0.64,
2026-07-11,2026-07-11T12:00:00Z,6,0.6,0.657,0.64,
2026-07-10,2026-07-11T13:00:00Z,31,0.6,0.5989,0.65,
2026-07-11,2026-07-11T13:00:00Z,7,0.6,0.6551,0.65,
2026-07-10,2026-07-11T14:00:00Z,32,0.6,0.6095,0.66,
2026-07-11,2026-07-11T14:00:00Z,8,0.6,0.6657,0.66,
2026-07-10,2026-07-11T15:00:00Z,33,0.6,0.6509,0.67,
2026-07-11,2026-07-11T15:00:00Z,9,0.6,0.6935,0.67,
2026-07-10,2026-07-11T16:00:00Z,34,0.6,0.7244,0.6833,
2026-07-11,2026-07-11T16:00:00Z,10,0.6,0.7534,0.6833,
2026-07-10,2026-07-11T17:00:00Z,35,0.7,0.69,0.6967,
2026-07-11,2026-07-11T17:00:00Z,11,0.7,0.7115,0.6967,
2026-07-10,2026-07-11T18:00:00Z,36,0.7,0.7247,0.71,
2026-07-11,2026-07-11T18:00:00Z,12,0.7,0.7512,0.71,
2026-07-10,2026-07-11T19:00:00Z,37,0.7,0.7244,0.69,
2026-07-11,2026-07-11T19:00:00Z,13,0.7,0.7471,0.69,
2026-07-10,2026-07-11T20:00:00Z,38,0.6,0.6652,0.67,
2026-07-11,2026-07-11T20:00:00Z,14,0.6,0.6907,0.67,
2026-07-10,2026-07-11T21:00:00Z,39,0.7,0.5978,0.65,
2026-07-11,2026-07-11T21:00:00Z,15,0.7,0.6329,0.65,
2026-07-10,2026-07-11T22:00:00Z,40,0.6,0.5968,0.6433,
2026-07-11,2026-07-11T22:00:00Z,16,0.6,0.6319,0.6433,
2026-07-10,2026-07-11T23:00:00Z,41,0.6,0.5796,0.6367,
2026-07-11,2026-07-11T23:00:00Z,17,0.6,0.6218,0.6367,
2026-07-10,2026-07-12T00:00:00Z,42,0.6,0.528,0.63,
2026-07-11,2026-07-12T00:00:00Z,18,0.6,0.5882,0.63,
2026-07-10,2026-07-12T01:00:00Z,43,0.5,0.52,0.62,
2026-07-11,2026-07-12T01:00:00Z,19,0.5,0.5907,0.62,
2026-07-10,2026-07-12T02:00:00Z,44,0.5,0.4981,0.61,
2026-07-11,2026-07-12T02:00:00Z,20,0.5,0.5701,0.61,
2026-07-10,2026-07-12T03:00:00Z,45,0.6,0.5595,0.6,
2026-07-11,2026-07-12T03:00:00Z,21,0.6,0.6214,0.6,
2026-07-10,2026-07-12T04:00:00Z,46,0.6,0.4897,0.5933,
2026-07-11,2026-07-12T04:00:00Z,22,0.6,0.5617,0.5933,
2026-07-10,2026-07-12T05:00:00Z,47,0.6,0.4817,0.5867,
2026-07-11,2026-07-12T05:00:00Z,23,0.6,0.5538,0.5867,
2026-07-10,2026-07-12T06:00:00Z,48,0.6,0.5226,0.58,
2026-07-11,2026-07-12T06:00:00Z,24,0.6,0.5875,0.58,
2026-07-11,2026-07-12T07:00:00Z,25,0.6,0.5891,0.5767,
2026-07-12,2026-07-12T07:00:00Z,1,0.6,0.5629,0.5767,
2026-07-11,2026-07-12T08:00:00Z,26,0.6,0.589,0.5733,
2026-07-12,2026-07-12T08:00:00Z,2,0.6,0.5702,0.5733,
2026-07-11,2026-07-12T09:00:00Z,27,0.5,0.5506,0.57,
2026-07-12,2026-07-12T09:00:00Z,3,0.5,0.5185,0.57,
2026-07-11,2026-07-12T10:00:00Z,28,0.5,0.5476,0.57,
2026-07-12,2026-07-12T10:00:00Z,4,0.5,0.478,0.57,
2026-07-11,2026-07-12T11:00:00Z,29,0.5,0.5323,0.57,
2026-07-12,2026-07-12T11:00:00Z,5,0.5,0.4601,0.57,
2026-07-11,2026-07-12T12:00:00Z,30,0.5,0.5417,0.57,
2026-07-12,2026-07-12T12:00:00Z,6,0.5,0.465,0.57,
2026-07-11,2026-07-12T13:00:00Z,31,0.5,0.5564,0.58,
2026-07-12,2026-07-12T13:00:00Z,7,0.5,0.4826,0.58,
2026-07-11,2026-07-12T14:00:00Z,32,0.5,0.5761,0.59,
2026-07-12,2026-07-12T14:00:00Z,8,0.5,0.5003,0.59,
2026-07-11,2026-07-12T15:00:00Z,33,0.5,0.5727,0.6,
2026-07-12,2026-07-12T15:00:00Z,9,0.5,0.5261,0.6,
2026-07-11,2026-07-12T16:00:00Z,34,0.5,0.5722,0.59,
2026-07-12,2026-07-12T16:00:00Z,10,0.5,0.5255,0.59,
2026-07-11,2026-07-12T17:00:00Z,35,0.5,0.5905,0.58,
2026-07-12,2026-07-12T17:00:00Z,11,0.5,0.5629,0.58,
2026-07-11,2026-07-12T18:00:00Z,36,0.5,0.5228,0.57,
2026-07-12,2026-07-12T18:00:00Z,12,0.5,0.4809,0.57,
2026-07-11,2026-07-12T19:00:00Z,37,0.5,0.6679,0.6167,
2026-07-12,2026-07-12T19:00:00Z,13,0.5,0.6162,0.6167,
2026-07-11,2026-07-12T20:00:00Z,38,0.9,0.7852,0.6633,
2026-07-12,2026-07-12T20:00:00Z,14,0.9,0.7262,0.6633,
2026-07-11,2026-07-12T21:00:00Z,39,1.3,0.8526,0.71,
2026-07-12,2026-07-12T21:00:00Z,15,1.3,0.7836,0.71,
2026-07-11,2026-07-12T22:00:00Z,40,1.6,0.946,0.8533,
2026-07-12,2026-07-12T22:00:00Z,16,1.6,0.8985,0.8533,
2026-07-11,2026-07-12T23:00:00Z,41,1.7,1.1137,0.9967,
2026-07-12,2026-07-12T23:00:00Z,17,1.7,1.0564,0.9967,
2026-07-11,2026-07-13T00:00:00Z,42,1.9,1.2156,1.14,
2026-07-12,2026-07-13T00:00:00Z,18,1.9,1.1515,1.14,
2026-07-11,2026-07-13T01:00:00Z,43,1.9,1.2513,1.1733,
2026-07-12,2026-07-13T01:00:00Z,19,1.9,1.1648,1.1733,
2026-07-11,2026-07-13T02:00:00Z,44,1.8,1.2317,1.2067,
2026-07-12,2026-07-13T02:00:00Z,20,1.8,1.1402,1.2067,
2026-07-11,2026-07-13T03:00:00Z,45,1.8,1.3089,1.24,
2026-07-12,2026-07-13T03:00:00Z,21,1.8,1.2115,1.24,
2026-07-11,2026-07-13T04:00:00Z,46,1.8,1.3253,1.25,
2026-07-12,2026-07-13T04:00:00Z,22,1.8,1.2267,1.25,
2026-07-11,2026-07-13T05:00:00Z,47,1.8,1.3085,1.26,
2026-07-12,2026-07-13T05:00:00Z,23,1.8,1.2099,1.26,
2026-07-11,2026-07-13T06:00:00Z,48,1.7,1.329,1.27,
2026-07-12,2026-07-13T06:00:00Z,24,1.7,1.2347,1.27,
2026-07-12,2026-07-13T07:00:00Z,25,1.6,1.2008,1.24,
2026-07-13,2026-07-13T07:00:00Z,1,1.6,1.5321,1.24,
2026-07-12,2026-07-13T08:00:00Z,26,1.6,1.1213,1.21,
2026-07-13,2026-07-13T08:00:00Z,2,1.6,1.4536,1.21,
2026-07-12,2026-07-13T09:00:00Z,27,1.5,1.1167,1.18,
2026-07-13,2026-07-13T09:00:00Z,3,1.5,1.4109,1.18,
2026-07-12,2026-07-13T10:00:00Z,28,1.5,1.2223,1.26,
2026-07-13,2026-07-13T10:00:00Z,4,1.5,1.431,1.26,
2026-07-12,2026-07-13T11:00:00Z,29,1.3,1.3329,1.34,
2026-07-13,2026-07-13T11:00:00Z,5,1.3,1.4629,1.34,
2026-07-12,2026-07-13T12:00:00Z,30,1.3,1.4458,1.42,
2026-07-13,2026-07-13T12:00:00Z,6,1.3,1.6038,1.42,
2026-07-12,2026-07-13T13:00:00Z,31,1.2,1.2874,1.3067,
2026-07-13,2026-07-13T13:00:00Z,7,1.2,1.4392,1.3067,
2026-07-12,2026-07-13T14:00:00Z,32,1.1,1.1716,1.1933,
2026-07-13,2026-07-13T14:00:00Z,8,1.1,1.3423,1.1933,
2026-07-12,2026-07-13T15:00:00Z,33,1.1,1.0752,1.08,
2026-07-13,2026-07-13T15:00:00Z,9,1.1,1.2594,1.08,
2026-07-12,2026-07-13T16:00:00Z,34,1.1,1.0336,1.0167,
2026-07-13,2026-07-13T16:00:00Z,10,1.1,1.2218,1.0167,
2026-07-12,2026-07-13T17:00:00Z,35,1.0,0.9855,0.9533,
2026-07-13,2026-07-13T17:00:00Z,11,1.0,1.1582,0.9533,
2026-07-12,2026-07-13T18:00:00Z,36,1.0,0.8416,0.89,
2026-07-13,2026-07-13T18:00:00Z,12,1.0,1.0326,0.89,
2026-07-12,2026-07-13T19:00:00Z,37,0.9,0.8244,0.8533,
2026-07-13,2026-07-13T19:00:00Z,13,0.9,0.9912,0.8533,
2026-07-12,2026-07-13T20:00:00Z,38,0.8,0.8211,0.8167,
2026-07-13,2026-07-13T20:00:00Z,14,0.8,0.9727,0.8167,
2026-07-12,2026-07-13T21:00:00Z,39,0.9,0.7836,0.78,
2026-07-13,2026-07-13T21:00:00Z,15,0.9,0.9135,0.78,
2026-07-12,2026-07-13T22:00:00Z,40,0.8,0.758,0.74,
2026-07-13,2026-07-13T22:00:00Z,16,0.8,0.8577,0.74,
2026-07-12,2026-07-13T23:00:00Z,41,0.7,0.7584,0.7,
2026-07-13,2026-07-13T23:00:00Z,17,0.7,0.8428,0.7,
2026-07-12,2026-07-14T00:00:00Z,42,0.7,0.6624,0.66,
2026-07-13,2026-07-14T00:00:00Z,18,0.7,0.705,0.66,
2026-07-12,2026-07-14T01:00:00Z,43,0.7,0.6614,0.6333,
2026-07-13,2026-07-14T01:00:00Z,19,0.7,0.6947,0.6333,
2026-07-12,2026-07-14T02:00:00Z,44,0.6,0.6382,0.6067,
2026-07-13,2026-07-14T02:00:00Z,20,0.6,0.6865,0.6067,
2026-07-12,2026-07-14T03:00:00Z,45,0.6,0.6337,0.58,
2026-07-13,2026-07-14T03:00:00Z,21,0.6,0.653,0.58,
2026-07-12,2026-07-14T04:00:00Z,46,0.5,0.5461,0.56,
2026-07-13,2026-07-14T04:00:00Z,22,0.5,0.5821,0.56,
2026-07-12,2026-07-14T05:00:00Z,47,0.6,0.5016,0.54,
2026-07-13,2026-07-14T05:00:00Z,23,0.6,0.5378,0.54,
2026-07-12,2026-07-14T06:00:00Z,48,0.5,0.4954,0.52,
2026-07-13,2026-07-14T06:00:00Z,24,0.5,0.516,0.52,
2026-07-13,2026-07-14T07:00:00Z,25,0.5,0.4989,0.5033,
2026-07-14,2026-07-14T07:00:00Z,1,0.5,0.5063,0.5033,
2026-07-13,2026-07-14T08:00:00Z,26,0.5,0.4374,0.4867,
2026-07-14,2026-07-14T08:00:00Z,2,0.5,0.4706,0.4867,
2026-07-13,2026-07-14T09:00:00Z,27,0.5,0.4223,0.47,
2026-07-14,2026-07-14T09:00:00Z,3,0.5,0.4623,0.47,
2026-07-13,2026-07-14T10:00:00Z,28,0.5,0.4108,0.46,
2026-07-14,2026-07-14T10:00:00Z,4,0.5,0.4702,0.46,
2026-07-13,2026-07-14T11:00:00Z,29,0.5,0.3982,0.45,
2026-07-14,2026-07-14T11:00:00Z,5,0.5,0.4529,0.45,
2026-07-13,2026-07-14T12:00:00Z,30,0.5,0.4076,0.44,
2026-07-14,2026-07-14T12:00:00Z,6,0.5,0.4405,0.44,
2026-07-13,2026-07-14T13:00:00Z,31,0.5,0.4201,0.44,
2026-07-14,2026-07-14T13:00:00Z,7,0.5,0.4261,0.44,
2026-07-13,2026-07-14T14:00:00Z,32,0.5,0.4483,0.44,
2026-07-14,2026-07-14T14:00:00Z,8,0.5,0.4528,0.44,
2026-07-13,2026-07-14T15:00:00Z,33,0.5,0.5047,0.44,
2026-07-14,2026-07-14T15:00:00Z,9,0.5,0.4707,0.44,
2026-07-13,2026-07-14T16:00:00Z,34,0.5,0.5193,0.4533,
2026-07-14,2026-07-14T16:00:00Z,10,0.5,0.4595,0.4533,
2026-07-13,2026-07-14T17:00:00Z,35,0.5,0.5117,0.4667,
2026-07-14,2026-07-14T17:00:00Z,11,0.5,0.4853,0.4667,
2026-07-13,2026-07-14T18:00:00Z,36,0.5,0.5173,0.48,
2026-07-14,2026-07-14T18:00:00Z,12,0.5,0.4925,0.48,
2026-07-13,2026-07-14T19:00:00Z,37,0.5,0.5651,0.5033,
2026-07-14,2026-07-14T19:00:00Z,13,0.5,0.5177,0.5033,
2026-07-13,2026-07-14T20:00:00Z,38,0.5,0.4824,0.5267,
2026-07-14,2026-07-14T20:00:00Z,14,0.5,0.493,0.5267,
2026-07-13,2026-07-14T21:00:00Z,39,0.5,0.5459,0.55,
2026-07-14,2026-07-14T21:00:00Z,15,0.5,0.5327,0.55,
2026-07-13,2026-07-14T22:00:00Z,40,0.6,0.5779,0.56,
2026-07-14,2026-07-14T22:00:00Z,16,0.6,0.5696,0.56,
2026-07-13,2026-07-14T23:00:00Z,41,0.6,0.5779,0.57,
2026-07-14,2026-07-14T23:00:00Z,17,0.6,0.5622,0.57,
2026-07-13,2026-07-15T00:00:00Z,42,0.6,0.6103,0.58,
2026-07-14,2026-07-15T00:00:00Z,18,0.6,0.6454,0.58,
2026-07-13,2026-07-15T01:00:00Z,43,0.7,0.5964,0.5867,
2026-07-14,2026-07-15T01:00:00Z,19,0.7,0.633,0.5867,
2026-07-13,2026-07-15T02:00:00Z,44,0.7,0.5729,0.5933,
2026-07-14,2026-07-15T02:00:00Z,20,0.7,0.6185,0.5933,
2026-07-13,2026-07-15T03:00:00Z,45,0.7,0.5976,0.6,
2026-07-14,2026-07-15T03:00:00Z,21,0.7,0.6523,0.6,
2026-07-13,2026-07-15T04:00:00Z,46,0.8,0.627,0.6067,
2026-07-14,2026-07-15T04:00:00Z,22,0.8,0.7017,0.6067,
2026-07-13,2026-07-15T05:00:00Z,47,0.8,0.6531,0.6133,
2026-07-14,2026-07-15T05:00:00Z,23,0.8,0.7174,0.6133,
2026-07-13,2026-07-15T06:00:00Z,48,0.8,0.6413,0.62,
2026-07-14,2026-07-15T06:00:00Z,24,0.8,0.7027,0.62,
2026-07-14,2026-07-15T07:00:00Z,25,0.8,0.6806,0.6067,
2026-07-15,2026-07-15T07:00:00Z,1,0.8,0.7788,0.6067,
2026-07-14,2026-07-15T08:00:00Z,26,0.8,0.6643,0.5933,
2026-07-15,2026-07-15T08:00:00Z,2,0.8,0.7542,0.5933,
2026-07-14,2026-07-15T09:00:00Z,27,0.8,0.6621,0.58,
2026-07-15,2026-07-15T09:00:00Z,3,0.8,0.7234,0.58,
2026-07-14,2026-07-15T10:00:00Z,28,0.7,0.591,0.5533,
2026-07-15,2026-07-15T10:00:00Z,4,0.7,0.6487,0.5533,
2026-07-14,2026-07-15T11:00:00Z,29,0.7,0.5845,0.5267,
2026-07-15,2026-07-15T11:00:00Z,5,0.7,0.6545,0.5267,
2026-07-14,2026-07-15T12:00:00Z,30,0.6,0.5437,0.5,
2026-07-15,2026-07-15T12:00:00Z,6,0.6,0.6164,0.5,
2026-07-14,2026-07-15T13:00:00Z,31,0.7,0.5015,0.49,
2026-07-15,2026-07-15T13:00:00Z,7,0.7,0.5716,0.49,
2026-07-14,2026-07-15T14:00:00Z,32,0.6,0.5056,0.48,
2026-07-15,2026-07-15T14:00:00Z,8,0.6,0.5854,0.48,
2026-07-14,2026-07-15T15:00:00Z,33,0.6,0.4914,0.47,
2026-07-15,2026-07-15T15:00:00Z,9,0.6,0.5946,0.47,
2026-07-14,2026-07-15T16:00:00Z,34,0.5,0.4817,0.4733,
2026-07-15,2026-07-15T16:00:00Z,10,0.5,0.58,0.4733,
2026-07-14,2026-07-15T17:00:00Z,35,0.5,0.4853,0.4767,
2026-07-15,2026-07-15T17:00:00Z,11,0.5,0.5765,0.4767,
2026-07-14,2026-07-15T18:00:00Z,36,0.5,0.4962,0.48,
2026-07-15,2026-07-15T18:00:00Z,12,0.5,0.5882,0.48,
2026-07-14,2026-07-15T19:00:00Z,37,0.5,0.5094,0.48,
2026-07-15,2026-07-15T19:00:00Z,13,0.5,0.5976,0.48,
2026-07-14,2026-07-15T20:00:00Z,38,0.5,0.5103,0.48,
2026-07-15,2026-07-15T20:00:00Z,14,0.5,0.5952,0.48,
2026-07-14,2026-07-15T21:00:00Z,39,0.5,0.5112,0.48,
2026-07-15,2026-07-15T21:00:00Z,15,0.5,0.5811,0.48,
2026-07-14,2026-07-15T22:00:00Z,40,0.5,0.5061,0.4767,
2026-07-15,2026-07-15T22:00:00Z,16,0.5,0.5675,0.4767,
2026-07-14,2026-07-15T23:00:00Z,41,0.6,0.4891,0.4733,
2026-07-15,2026-07-15T23:00:00Z,17,0.6,0.534,0.4733,
2026-07-14,2026-07-16T00:00:00Z,42,0.5,0.4807,0.47,
2026-07-15,2026-07-16T00:00:00Z,18,0.5,0.5241,0.47,
2026-07-14,2026-07-16T01:00:00Z,43,0.6,0.4835,0.4633,
2026-07-15,2026-07-16T01:00:00Z,19,0.6,0.5182,0.4633,
2026-07-14,2026-07-16T02:00:00Z,44,0.6,0.49,0.4567,
2026-07-15,2026-07-16T02:00:00Z,20,0.6,0.5201,0.4567,
2026-07-14,2026-07-16T03:00:00Z,45,0.6,0.4825,0.45,
2026-07-15,2026-07-16T03:00:00Z,21,0.6,0.5027,0.45,
2026-07-14,2026-07-16T04:00:00Z,46,0.6,0.5161,0.45,
2026-07-15,2026-07-16T04:00:00Z,22,0.6,0.5248,0.45,
2026-07-14,2026-07-16T05:00:00Z,47,0.5,0.5239,0.45,
2026-07-15,2026-07-16T05:00:00Z,23,0.5,0.5322,0.45,
2026-07-14,2026-07-16T06:00:00Z,48,0.5,0.525,0.45,
2026-07-15,2026-07-16T06:00:00Z,24,0.5,0.5401,0.45,
2026-07-15,2026-07-16T07:00:00Z,25,0.5,0.5324,0.4467,
2026-07-16,2026-07-16T07:00:00Z,1,0.5,0.5125,0.4467,
2026-07-15,2026-07-16T08:00:00Z,26,0.5,0.5157,0.4433,
2026-07-16,2026-07-16T08:00:00Z,2,0.5,0.5011,0.4433,
2026-07-15,2026-07-16T09:00:00Z,27,0.5,0.5154,0.44,
2026-07-16,2026-07-16T09:00:00Z,3,0.5,0.4915,0.44,
2026-07-15,2026-07-16T10:00:00Z,28,0.5,0.4793,0.4433,
2026-07-16,2026-07-16T10:00:00Z,4,0.5,0.4872,0.4433,
2026-07-15,2026-07-16T11:00:00Z,29,0.5,0.4842,0.4467,
2026-07-16,2026-07-16T11:00:00Z,5,0.5,0.4859,0.4467,
2026-07-15,2026-07-16T12:00:00Z,30,0.5,0.5075,0.45,
2026-07-16,2026-07-16T12:00:00Z,6,0.5,0.5032,0.45,
2026-07-15,2026-07-16T13:00:00Z,31,0.5,0.5193,0.46,
2026-07-16,2026-07-16T13:00:00Z,7,0.5,0.5103,0.46,
2026-07-15,2026-07-16T14:00:00Z,32,0.5,0.4978,0.47,
2026-07-16,2026-07-16T14:00:00Z,8,0.5,0.4951,0.47,
2026-07-15,2026-07-16T15:00:00Z,33,0.5,0.5348,0.48,
2026-07-16,2026-07-16T15:00:00Z,9,0.5,0.4977,0.48,
2026-07-15,2026-07-16T16:00:00Z,34,0.5,0.5285,0.4767,
2026-07-16,2026-07-16T16:00:00Z,10,0.5,0.4931,0.4767,
2026-07-15,2026-07-16T17:00:00Z,35,0.5,0.5317,0.4733,
2026-07-16,2026-07-16T17:00:00Z,11,0.5,0.5002,0.4733,
2026-07-15,2026-07-16T18:00:00Z,36,0.5,0.5329,0.47,
2026-07-16,2026-07-16T18:00:00Z,12,0.5,0.5015,0.47,
2026-07-15,2026-07-16T19:00:00Z,37,0.5,0.5426,0.4733,
2026-07-16,2026-07-16T19:00:00Z,13,0.5,0.5113,0.4733,
2026-07-15,2026-07-16T20:00:00Z,38,0.5,0.5645,0.4767,
2026-07-16,2026-07-16T20:00:00Z,14,0.5,0.5308,0.4767,
2026-07-15,2026-07-16T21:00:00Z,39,0.6,0.5963,0.48,
2026-07-16,2026-07-16T21:00:00Z,15,0.6,0.5626,0.48,
2026-07-15,2026-07-16T22:00:00Z,40,0.6,0.6033,0.4967,
2026-07-16,2026-07-16T22:00:00Z,16,0.6,0.5727,0.4967,
2026-07-15,2026-07-16T23:00:00Z,41,0.8,0.5549,0.5133,
2026-07-16,2026-07-16T23:00:00Z,17,0.8,0.5335,0.5133,
2026-07-15,2026-07-17T00:00:00Z,42,0.8,0.5432,0.53,
2026-07-16,2026-07-17T00:00:00Z,18,0.8,0.5329,0.53,
2026-07-15,2026-07-17T01:00:00Z,43,0.8,0.5889,0.5567,
2026-07-16,2026-07-17T01:00:00Z,19,0.8,0.5682,0.5567,
2026-07-15,2026-07-17T02:00:00Z,44,0.8,0.6628,0.5833,
2026-07-16,2026-07-17T02:00:00Z,20,0.8,0.642,0.5833,
2026-07-15,2026-07-17T03:00:00Z,45,0.8,0.684,0.61,
2026-07-16,2026-07-17T03:00:00Z,21,0.8,0.6641,0.61,
2026-07-15,2026-07-17T04:00:00Z,46,0.8,0.7094,0.6167,
2026-07-16,2026-07-17T04:00:00Z,22,0.8,0.6895,0.6167,
2026-07-15,2026-07-17T05:00:00Z,47,0.8,0.7083,0.6233,
2026-07-16,2026-07-17T05:00:00Z,23,0.8,0.6884,0.6233,
2026-07-15,2026-07-17T06:00:00Z,48,0.8,0.6814,0.63,
2026-07-16,2026-07-17T06:00:00Z,24,0.8,0.6892,0.63,
2026-07-16,2026-07-17T07:00:00Z,25,0.7,0.6842,0.6267,
2026-07-17,2026-07-17T07:00:00Z,1,0.7,0.7774,0.6267,
2026-07-16,2026-07-17T08:00:00Z,26,0.7,0.6783,0.6233,
2026-07-17,2026-07-17T08:00:00Z,2,0.7,0.766,0.6233,
2026-07-16,2026-07-17T09:00:00Z,27,0.7,0.6754,0.62,
2026-07-17,2026-07-17T09:00:00Z,3,0.7,0.7387,0.62,
2026-07-16,2026-07-17T10:00:00Z,28,0.6,0.6826,0.6233,
2026-07-17,2026-07-17T10:00:00Z,4,0.6,0.712,0.6233,
2026-07-16,2026-07-17T11:00:00Z,29,0.6,0.6827,0.6267,
2026-07-17,2026-07-17T11:00:00Z,5,0.6,0.7121,0.6267,
2026-07-16,2026-07-17T12:00:00Z,30,0.6,0.6837,0.63,
2026-07-17,2026-07-17T12:00:00Z,6,0.6,0.7131,0.63,
2026-07-16,2026-07-17T13:00:00Z,31,0.6,0.6816,0.6333,
2026-07-17,2026-07-17T13:00:00Z,7,0.6,0.7111,0.6333,
2026-07-16,2026-07-17T14:00:00Z,32,0.6,0.6696,0.6367,
2026-07-17,2026-07-17T14:00:00Z,8,0.6,0.6938,0.6367,
2026-07-16,2026-07-17T15:00:00Z,33,0.6,0.6691,0.64,
2026-07-17,2026-07-17T15:00:00Z,9,0.6,0.7097,0.64,
2026-07-16,2026-07-17T16:00:00Z,34,0.6,0.6697,0.65,
2026-07-17,2026-07-17T16:00:00Z,10,0.6,0.704,0.65,
2026-07-16,2026-07-17T17:00:00Z,35,0.7,0.7085,0.66,
2026-07-17,2026-07-17T17:00:00Z,11,0.7,0.7312,0.66,
2026-07-16,2026-07-17T18:00:00Z,36,0.6,0.7381,0.67,
2026-07-17,2026-07-17T18:00:00Z,12,0.6,0.7608,0.67,
2026-07-16,2026-07-17T19:00:00Z,37,0.6,0.7644,0.6633,
2026-07-17,2026-07-17T19:00:00Z,13,0.6,0.8017,0.6633,
2026-07-16,2026-07-17T20:00:00Z,38,0.6,0.7048,0.6567,
2026-07-17,2026-07-17T20:00:00Z,14,0.6,0.7537,0.6567,
2026-07-16,2026-07-17T21:00:00Z,39,0.6,0.6796,0.65,
2026-07-17,2026-07-17T21:00:00Z,15,0.6,0.7286,0.65,
2026-07-16,2026-07-17T22:00:00Z,40,0.5,0.6895,0.6367,
2026-07-17,2026-07-17T22:00:00Z,16,0.5,0.7526,0.6367,
2026-07-16,2026-07-17T23:00:00Z,41,0.5,0.6901,0.6233,
2026-07-17,2026-07-17T23:00:00Z,17,0.5,0.7481,0.6233,
2026-07-16,2026-07-18T00:00:00Z,42,0.5,0.6637,0.61,
2026-07-17,2026-07-18T00:00:00Z,18,0.5,0.7099,0.61,
2026-07-16,2026-07-18T01:00:00Z,43,0.5,0.6225,0.5933,
2026-07-17,2026-07-18T01:00:00Z,19,0.5,0.666,0.5933,
2026-07-16,2026-07-18T02:00:00Z,44,0.6,0.6248,0.5767,
2026-07-17,2026-07-18T02:00:00Z,20,0.6,0.6621,0.5767,
2026-07-16,2026-07-18T03:00:00Z,45,0.5,0.5871,0.56,
2026-07-17,2026-07-18T03:00:00Z,21,0.5,0.6208,0.56,
2026-07-16,2026-07-18T04:00:00Z,46,0.5,0.5383,0.5433,
2026-07-17,2026-07-18T04:00:00Z,22,0.5,0.564,0.5433,
2026-07-16,2026-07-18T05:00:00Z,47,0.5,0.5288,0.5267,
2026-07-17,2026-07-18T05:00:00Z,23,0.5,0.5566,0.5267,
2026-07-16,2026-07-18T06:00:00Z,48,0.4,0.5249,0.51,
2026-07-17,2026-07-18T06:00:00Z,24,0.4,0.5595,0.51,
2026-07-17,2026-07-18T07:00:00Z,25,0.4,0.5598,0.4933,
2026-07-18,2026-07-18T07:00:00Z,1,0.4,0.4355,0.4933,
2026-07-17,2026-07-18T08:00:00Z,26,0.4,0.5203,0.4767,
2026-07-18,2026-07-18T08:00:00Z,2,0.4,0.4278,0.4767,
2026-07-17,2026-07-18T09:00:00Z,27,0.4,0.518,0.46,
2026-07-18,2026-07-18T09:00:00Z,3,0.4,0.4476,0.46,
2026-07-17,2026-07-18T10:00:00Z,28,0.4,0.4925,0.46,
2026-07-18,2026-07-18T10:00:00Z,4,0.4,0.4234,0.46,
2026-07-17,2026-07-18T11:00:00Z,29,0.4,0.4877,0.46,
2026-07-18,2026-07-18T11:00:00Z,5,0.4,0.4479,0.46,
2026-07-17,2026-07-18T12:00:00Z,30,0.4,0.4979,0.46,
2026-07-18,2026-07-18T12:00:00Z,6,0.4,0.4603,0.46,
2026-07-17,2026-07-18T13:00:00Z,31,0.4,0.4919,0.4733,
2026-07-18,2026-07-18T13:00:00Z,7,0.4,0.4573,0.4733,
2026-07-17,2026-07-18T14:00:00Z,32,0.4,0.4843,0.4867,
2026-07-18,2026-07-18T14:00:00Z,8,0.4,0.4709,0.4867,
2026-07-17,2026-07-18T15:00:00Z,33,0.4,0.5548,0.5,
2026-07-18,2026-07-18T15:00:00Z,9,0.4,0.5265,0.5,
2026-07-17,2026-07-18T16:00:00Z,34,0.5,0.5549,0.5167,
2026-07-18,2026-07-18T16:00:00Z,10,0.5,0.526,0.5167,
2026-07-17,2026-07-18T17:00:00Z,35,0.6,0.5502,0.5333,
2026-07-18,2026-07-18T17:00:00Z,11,0.6,0.5288,0.5333,
2026-07-17,2026-07-18T18:00:00Z,36,0.6,0.5322,0.55,
2026-07-18,2026-07-18T18:00:00Z,12,0.6,0.5122,0.55,
2026-07-17,2026-07-18T19:00:00Z,37,0.6,0.6252,0.5733,
2026-07-18,2026-07-18T19:00:00Z,13,0.6,0.6007,0.5733,
2026-07-17,2026-07-18T20:00:00Z,38,0.7,0.613,0.5967,
2026-07-18,2026-07-18T20:00:00Z,14,0.7,0.5746,0.5967,
2026-07-17,2026-07-18T21:00:00Z,39,0.7,0.6806,0.62,
2026-07-18,2026-07-18T21:00:00Z,15,0.7,0.6199,0.62,
2026-07-17,2026-07-18T22:00:00Z,40,0.8,0.6995,0.6233,
2026-07-18,2026-07-18T22:00:00Z,16,0.8,0.6245,0.6233,
2026-07-17,2026-07-18T23:00:00Z,41,0.7,0.6978,0.6267,
2026-07-18,2026-07-18T23:00:00Z,17,0.7,0.627,0.6267,
2026-07-17,2026-07-19T00:00:00Z,42,0.6,0.7023,0.63,
2026-07-18,2026-07-19T00:00:00Z,18,0.6,0.634,0.63,
2026-07-17,2026-07-19T01:00:00Z,43,0.6,0.7054,0.6233,
2026-07-18,2026-07-19T01:00:00Z,19,0.6,0.6301,0.6233,
2026-07-17,2026-07-19T02:00:00Z,44,0.6,0.6825,0.6167,
2026-07-18,2026-07-19T02:00:00Z,20,0.6,0.6202,0.6167,
2026-07-17,2026-07-19T03:00:00Z,45,0.6,0.6304,0.61,
2026-07-18,2026-07-19T03:00:00Z,21,0.6,0.5825,0.61,
2026-07-17,2026-07-19T04:00:00Z,46,0.6,0.6071,0.5933,
2026-07-18,2026-07-19T04:00:00Z,22,0.6,0.5603,0.5933,
2026-07-17,2026-07-19T05:00:00Z,47,0.6,0.5972,0.5767,
2026-07-18,2026-07-19T05:00:00Z,23,0.6,0.5532,0.5767,
2026-07-17,2026-07-19T06:00:00Z,48,0.6,0.5419,0.56,
2026-07-18,2026-07-19T06:00:00Z,24,0.6,0.4882,0.56,
2026-07-18,2026-07-19T07:00:00Z,25,0.6,0.4692,0.54,
2026-07-19,2026-07-19T07:00:00Z,1,0.6,0.4844,0.54,
2026-07-18,2026-07-19T08:00:00Z,26,0.5,0.4616,0.52,
2026-07-19,2026-07-19T08:00:00Z,2,0.5,0.4718,0.52,
2026-07-18,2026-07-19T09:00:00Z,27,0.6,0.4703,0.5,
2026-07-19,2026-07-19T09:00:00Z,3,0.6,0.4737,0.5,
2026-07-18,2026-07-19T10:00:00Z,28,0.6,0.4694,0.49,
2026-07-19,2026-07-19T10:00:00Z,4,0.6,0.4746,0.49,
2026-07-18,2026-07-19T11:00:00Z,29,0.6,0.4562,0.48,
2026-07-19,2026-07-19T11:00:00Z,5,0.6,0.4462,0.48,
2026-07-18,2026-07-19T12:00:00Z,30,0.6,0.5156,0.47,
2026-07-19,2026-07-19T12:00:00Z,6,0.6,0.5061,0.47,
2026-07-18,2026-07-19T13:00:00Z,31,0.5,0.5463,0.4633,
2026-07-19,2026-07-19T13:00:00Z,7,0.5,0.5392,0.4633,
2026-07-18,2026-07-19T14:00:00Z,32,0.5,0.4531,0.4567,
2026-07-19,2026-07-19T14:00:00Z,8,0.5,0.4439,0.4567,
2026-07-18,2026-07-19T15:00:00Z,33,0.5,0.4776,0.45,
2026-07-19,2026-07-19T15:00:00Z,9,0.5,0.4664,0.45,
2026-07-18,2026-07-19T16:00:00Z,34,0.5,0.4777,0.4633,
2026-07-19,2026-07-19T16:00:00Z,10,0.5,0.463,0.4633,
2026-07-18,2026-07-19T17:00:00Z,35,0.5,0.4754,0.4767,
2026-07-19,2026-07-19T17:00:00Z,11,0.5,0.4634,0.4767,
2026-07-18,2026-07-19T18:00:00Z,36,0.4,0.5052,0.49,
2026-07-19,2026-07-19T18:00:00Z,12,0.4,0.4874,0.49,
2026-07-18,2026-07-19T19:00:00Z,37,0.5,0.554,0.57,
2026-07-19,2026-07-19T19:00:00Z,13,0.5,0.5466,0.57,
2026-07-18,2026-07-19T20:00:00Z,38,0.5,0.6336,0.65,
2026-07-19,2026-07-19T20:00:00Z,14,0.5,0.6163,0.65,
2026-07-18,2026-07-19T21:00:00Z,39,0.8,0.6873,0.73,
2026-07-19,2026-07-19T21:00:00Z,15,0.8,0.6823,0.73,
2026-07-18,2026-07-19T22:00:00Z,40,1.2,0.8539,0.8833,
2026-07-19,2026-07-19T22:00:00Z,16,1.2,0.8674,0.8833,
2026-07-18,2026-07-19T23:00:00Z,41,1.4,0.9899,1.0367,
2026-07-19,2026-07-19T23:00:00Z,17,1.4,1.0417,1.0367,
2026-07-18,2026-07-20T00:00:00Z,42,1.4,1.1333,1.19,
2026-07-19,2026-07-20T00:00:00Z,18,1.4,1.1787,1.19,
2026-07-18,2026-07-20T01:00:00Z,43,1.2,1.0901,1.14,
2026-07-19,2026-07-20T01:00:00Z,19,1.2,1.1468,1.14,
2026-07-18,2026-07-20T02:00:00Z,44,1.1,1.0479,1.09,
2026-07-19,2026-07-20T02:00:00Z,20,1.1,1.0877,1.09,
2026-07-18,2026-07-20T03:00:00Z,45,1.0,0.9779,1.04,
2026-07-19,2026-07-20T03:00:00Z,21,1.0,1.0138,1.04,
2026-07-18,2026-07-20T04:00:00Z,46,1.0,0.9437,1.0,
2026-07-19,2026-07-20T04:00:00Z,22,1.0,0.9408,1.0,
2026-07-18,2026-07-20T05:00:00Z,47,1.0,0.9293,0.96,
2026-07-19,2026-07-20T05:00:00Z,23,1.0,0.9329,0.96,
2026-07-18,2026-07-20T06:00:00Z,48,0.9,0.8922,0.92,
2026-07-19,2026-07-20T06:00:00Z,24,0.9,0.8944,0.92,
2026-07-19,2026-07-20T07:00:00Z,25,1.0,0.8885,0.9267,
2026-07-20,2026-07-20T07:00:00Z,1,1.0,0.9141,0.9267,
2026-07-19,2026-07-20T08:00:00Z,26,1.0,0.9177,0.9333,
2026-07-20,2026-07-20T08:00:00Z,2,1.0,0.9491,0.9333,
2026-07-19,2026-07-20T09:00:00Z,27,0.9,0.9148,0.94,
2026-07-20,2026-07-20T09:00:00Z,3,0.9,0.9359,0.94,
2026-07-19,2026-07-20T10:00:00Z,28,1.0,0.949,0.94,
2026-07-20,2026-07-20T10:00:00Z,4,1.0,0.9629,0.94,
2026-07-19,2026-07-20T11:00:00Z,29,1.0,0.9505,0.94,
2026-07-20,2026-07-20T11:00:00Z,5,1.0,0.9547,0.94,
2026-07-19,2026-07-20T12:00:00Z,30,0.9,0.9635,0.94,
2026-07-20,2026-07-20T12:00:00Z,6,0.9,0.9384,0.94,
2026-07-19,2026-07-20T13:00:00Z,31,0.9,0.9616,0.9767,
2026-07-20,2026-07-20T13:00:00Z,7,0.9,0.9371,0.9767,
2026-07-19,2026-07-20T14:00:00Z,32,1.0,0.9738,1.0133,
2026-07-20,2026-07-20T14:00:00Z,8,1.0,0.9783,1.0133,
2026-07-19,2026-07-20T15:00:00Z,33,1.1,1.0048,1.05,
2026-07-20,2026-07-20T15:00:00Z,9,1.1,1.0032,1.05,
2026-07-19,2026-07-20T16:00:00Z,34,1.2,1.0514,1.0767,
2026-07-20,2026-07-20T16:00:00Z,10,1.2,1.0474,1.0767,
2026-07-19,2026-07-20T17:00:00Z,35,1.4,1.1129,1.1033,
2026-07-20,2026-07-20T17:00:00Z,11,1.4,1.1141,1.1033,
2026-07-19,2026-07-20T18:00:00Z,36,1.3,1.1237,1.13,
2026-07-20,2026-07-20T18:00:00Z,12,1.3,1.1273,1.13,
2026-07-19,2026-07-20T19:00:00Z,37,1.3,1.1101,1.14,
2026-07-20,2026-07-20T19:00:00Z,13,1.3,1.1071,1.14,
2026-07-19,2026-07-20T20:00:00Z,38,1.3,1.1478,1.15,
2026-07-20,2026-07-20T20:00:00Z,14,1.3,1.1441,1.15,
2026-07-19,2026-07-20T21:00:00Z,39,1.2,1.1577,1.16,
2026-07-20,2026-07-20T21:00:00Z,15,1.2,1.1292,1.16,
2026-07-19,2026-07-20T22:00:00Z,40,1.3,1.1303,1.1267,
2026-07-20,2026-07-20T22:00:00Z,16,1.3,1.0853,1.1267,
2026-07-19,2026-07-20T23:00:00Z,41,1.3,1.1147,1.0933,
2026-07-20,2026-07-20T23:00:00Z,17,1.3,1.0436,1.0933,
2026-07-19,2026-07-21T00:00:00Z,42,1.2,1.0249,1.06,
2026-07-20,2026-07-21T00:00:00Z,18,1.2,1.0064,1.06,
2026-07-19,2026-07-21T01:00:00Z,43,1.2,1.0239,1.0467,
2026-07-20,2026-07-21T01:00:00Z,19,1.2,1.0299,1.0467,
2026-07-19,2026-07-21T02:00:00Z,44,1.1,1.0209,1.0333,
2026-07-20,2026-07-21T02:00:00Z,20,1.1,1.0361,1.0333,
2026-07-19,2026-07-21T03:00:00Z,45,1.1,0.9618,1.02,
2026-07-20,2026-07-21T03:00:00Z,21,1.1,1.0457,1.02,
2026-07-19,2026-07-21T04:00:00Z,46,1.1,0.9552,1.0067,
2026-07-20,2026-07-21T04:00:00Z,22,1.1,1.0485,1.0067,
2026-07-19,2026-07-21T05:00:00Z,47,1.2,0.9427,0.9933,
2026-07-20,2026-07-21T05:00:00Z,23,1.2,1.0152,0.9933,
2026-07-19,2026-07-21T06:00:00Z,48,1.2,0.9233,0.98,
2026-07-20,2026-07-21T06:00:00Z,24,1.2,0.9983,0.98,
2026-07-20,2026-07-21T07:00:00Z,25,1.2,1.0085,0.9733,
2026-07-21,2026-07-21T07:00:00Z,1,1.2,1.191,0.9733,
2026-07-20,2026-07-21T08:00:00Z,26,1.3,1.0018,0.9667,
2026-07-21,2026-07-21T08:00:00Z,2,1.3,1.172,0.9667,
2026-07-20,2026-07-21T09:00:00Z,27,1.2,1.0408,0.96,
2026-07-21,2026-07-21T09:00:00Z,3,1.2,1.1427,0.96,
2026-07-20,2026-07-21T10:00:00Z,28,1.1,1.0043,0.9433,
2026-07-21,2026-07-21T10:00:00Z,4,1.1,1.1237,0.9433,
2026-07-20,2026-07-21T11:00:00Z,29,1.0,0.9457,0.9267,
2026-07-21,2026-07-21T11:00:00Z,5,1.0,1.0932,0.9267,
2026-07-20,2026-07-21T12:00:00Z,30,1.0,0.8754,0.91,
2026-07-21,2026-07-21T12:00:00Z,6,1.0,1.0304,0.91,
2026-07-20,2026-07-21T13:00:00Z,31,0.9,0.8636,0.8933,
2026-07-21,2026-07-21T13:00:00Z,7,0.9,1.0079,0.8933,
2026-07-20,2026-07-21T14:00:00Z,32,1.0,0.8576,0.8767,
2026-07-21,2026-07-21T14:00:00Z,8,1.0,1.0107,0.8767,
2026-07-20,2026-07-21T15:00:00Z,33,0.8,0.8388,0.86,
2026-07-21,2026-07-21T15:00:00Z,9,0.8,0.9956,0.86,
2026-07-20,2026-07-21T16:00:00Z,34,0.8,0.8917,0.8933,
2026-07-21,2026-07-21T16:00:00Z,10,0.8,1.0359,0.8933,
2026-07-20,2026-07-21T17:00:00Z,35,0.8,1.0057,0.9267,
2026-07-21,2026-07-21T17:00:00Z,11,0.8,1.1188,0.9267,
2026-07-20,2026-07-21T18:00:00Z,36,0.9,1.0506,0.96,
2026-07-21,2026-07-21T18:00:00Z,12,0.9,1.1628,0.96,
2026-07-20,2026-07-21T19:00:00Z,37,1.0,1.0212,0.9933,
2026-07-21,2026-07-21T19:00:00Z,13,1.0,1.1487,0.9933,
2026-07-20,2026-07-21T20:00:00Z,38,1.1,1.0797,1.0267,
2026-07-21,2026-07-21T20:00:00Z,14,1.1,1.1789,1.0267,
2026-07-20,2026-07-21T21:00:00Z,39,1.1,1.0905,1.06,
2026-07-21,2026-07-21T21:00:00Z,15,1.1,1.1961,1.06,
2026-07-20,2026-07-21T22:00:00Z,40,1.1,1.0199,1.0467,
2026-07-21,2026-07-21T22:00:00Z,16,1.1,1.1482,1.0467,
2026-07-20,2026-07-21T23:00:00Z,41,1.2,1.0121,1.0333,
2026-07-21,2026-07-21T23:00:00Z,17,1.2,1.1371,1.0333,
2026-07-20,2026-07-22T00:00:00Z,42,1.1,1.0028,1.02,
2026-07-21,2026-07-22T00:00:00Z,18,1.1,1.1123,1.02,
2026-07-20,2026-07-22T01:00:00Z,43,1.0,0.985,0.9633,
2026-07-21,2026-07-22T01:00:00Z,19,1.0,1.0664,0.9633,
2026-07-20,2026-07-22T02:00:00Z,44,0.9,0.9164,0.9067,
2026-07-21,2026-07-22T02:00:00Z,20,0.9,0.9493,0.9067,
2026-07-20,2026-07-22T03:00:00Z,45,0.9,0.8488,0.85,
2026-07-21,2026-07-22T03:00:00Z,21,0.9,0.8901,0.85,
2026-07-20,2026-07-22T04:00:00Z,46,0.7,0.8357,0.8167,
2026-07-21,2026-07-22T04:00:00Z,22,0.7,0.8933,0.8167,
2026-07-20,2026-07-22T05:00:00Z,47,0.7,0.8243,0.7833,
2026-07-21,2026-07-22T05:00:00Z,23,0.7,0.8723,0.7833,
2026-07-20,2026-07-22T06:00:00Z,48,0.6,0.7396,0.75,
2026-07-21,2026-07-22T06:00:00Z,24,0.6,0.7898,0.75,
2026-07-21,2026-07-22T07:00:00Z,25,0.6,0.7981,0.73,
2026-07-22,2026-07-22T07:00:00Z,1,0.6,0.6722,0.73,
2026-07-21,2026-07-22T08:00:00Z,26,0.5,0.7555,0.71,
2026-07-22,2026-07-22T08:00:00Z,2,0.5,0.6597,0.71,
2026-07-21,2026-07-22T09:00:00Z,27,0.6,0.7499,0.69,
2026-07-22,2026-07-22T09:00:00Z,3,0.6,0.6704,0.69,
2026-07-21,2026-07-22T10:00:00Z,28,0.7,0.7368,0.71,
2026-07-22,2026-07-22T10:00:00Z,4,0.7,0.6652,0.71,
2026-07-21,2026-07-22T11:00:00Z,29,0.7,0.7778,0.73,
2026-07-22,2026-07-22T11:00:00Z,5,0.7,0.7136,0.73,
2026-07-21,2026-07-22T12:00:00Z,30,0.7,0.7645,0.75,
2026-07-22,2026-07-22T12:00:00Z,6,0.7,0.706,0.75,
2026-07-21,2026-07-22T13:00:00Z,31,0.7,0.7685,0.75,
2026-07-22,2026-07-22T13:00:00Z,7,0.7,0.698,0.75,
2026-07-21,2026-07-22T14:00:00Z,32,0.6,0.7724,0.75,
2026-07-22,2026-07-22T14:00:00Z,8,0.6,0.7082,0.75,
2026-07-21,2026-07-22T15:00:00Z,33,0.7,0.8127,0.75,
2026-07-22,2026-07-22T15:00:00Z,9,0.7,0.715,0.75,
2026-07-21,2026-07-22T16:00:00Z,34,0.7,0.8408,0.7667,
2026-07-22,2026-07-22T16:00:00Z,10,0.7,0.7282,0.7667,
2026-07-21,2026-07-22T17:00:00Z,35,0.8,0.8812,0.7833,
2026-07-22,2026-07-22T17:00:00Z,11,0.8,0.763,0.7833,
2026-07-21,2026-07-22T18:00:00Z,36,0.8,0.8765,0.8,
2026-07-22,2026-07-22T18:00:00Z,12,0.8,0.76,0.8,
2026-07-21,2026-07-22T19:00:00Z,37,0.8,0.9178,0.83,
2026-07-22,2026-07-22T19:00:00Z,13,0.8,0.8108,0.83,
2026-07-21,2026-07-22T20:00:00Z,38,0.8,0.907,0.86,
2026-07-22,2026-07-22T20:00:00Z,14,0.8,0.8322,0.86,
2026-07-21,2026-07-22T21:00:00Z,39,0.8,0.9125,0.89,
2026-07-22,2026-07-22T21:00:00Z,15,0.8,0.8353,0.89,
2026-07-21,2026-07-22T22:00:00Z,40,0.9,0.9556,0.8833,
2026-07-22,2026-07-22T22:00:00Z,16,0.9,0.8891,0.8833,
2026-07-21,2026-07-22T23:00:00Z,41,0.9,0.9225,0.8767,
2026-07-22,2026-07-22T23:00:00Z,17,0.9,0.8451,0.8767,
2026-07-21,2026-07-23T00:00:00Z,42,0.9,0.8887,0.87,
2026-07-22,2026-07-23T00:00:00Z,18,0.9,0.8444,0.87,
2026-07-21,2026-07-23T01:00:00Z,43,0.9,0.8434,0.8433,
2026-07-22,2026-07-23T01:00:00Z,19,0.9,0.7891,0.8433,
2026-07-21,2026-07-23T02:00:00Z,44,1.0,0.8307,0.8167,
2026-07-22,2026-07-23T02:00:00Z,20,1.0,0.7878,0.8167,
2026-07-21,2026-07-23T03:00:00Z,45,0.8,0.8006,0.79,
2026-07-22,2026-07-23T03:00:00Z,21,0.8,0.7329,0.79,
2026-07-21,2026-07-23T04:00:00Z,46,0.8,0.7861,0.7667,
2026-07-22,2026-07-23T04:00:00Z,22,0.8,0.714,0.7667,
2026-07-21,2026-07-23T05:00:00Z,47,0.8,0.7453,0.7433,
2026-07-22,2026-07-23T05:00:00Z,23,0.8,0.6962,0.7433,
2026-07-21,2026-07-23T06:00:00Z,48,0.7,0.7529,0.72,
2026-07-22,2026-07-23T06:00:00Z,24,0.7,0.7001,0.72,
2026-07-22,2026-07-23T07:00:00Z,25,0.7,0.7001,0.7,
2026-07-23,2026-07-23T07:00:00Z,1,0.7,0.6882,0.7,
2026-07-22,2026-07-23T08:00:00Z,26,0.7,0.7006,0.68,
2026-07-23,2026-07-23T08:00:00Z,2,0.7,0.6814,0.68,
2026-07-22,2026-07-23T09:00:00Z,27,0.7,0.6449,0.66,
2026-07-23,2026-07-23T09:00:00Z,3,0.7,0.6066,0.66,
2026-07-22,2026-07-23T10:00:00Z,28,0.7,0.6551,0.6367,
2026-07-23,2026-07-23T10:00:00Z,4,0.7,0.5885,0.6367,
2026-07-22,2026-07-23T11:00:00Z,29,0.7,0.6532,0.6133,
2026-07-23,2026-07-23T11:00:00Z,5,0.7,0.5825,0.6133,
2026-07-22,2026-07-23T12:00:00Z,30,0.7,0.6403,0.59,
2026-07-23,2026-07-23T12:00:00Z,6,0.7,0.5846,0.59,
2026-07-22,2026-07-23T13:00:00Z,31,0.7,0.5921,0.5833,
2026-07-23,2026-07-23T13:00:00Z,7,0.7,0.531,0.5833,
2026-07-22,2026-07-23T14:00:00Z,32,0.6,0.5852,0.5767,
2026-07-23,2026-07-23T14:00:00Z,8,0.6,0.5458,0.5767,
2026-07-22,2026-07-23T15:00:00Z,33,0.6,0.5487,0.57,
2026-07-23,2026-07-23T15:00:00Z,9,0.6,0.4971,0.57,
2026-07-22,2026-07-23T16:00:00Z,34,0.5,0.5857,0.59,
2026-07-23,2026-07-23T16:00:00Z,10,0.5,0.5403,0.59,
2026-07-22,2026-07-23T17:00:00Z,35,0.5,0.6111,0.61,
2026-07-23,2026-07-23T17:00:00Z,11,0.5,0.57,0.61,
2026-07-22,2026-07-23T18:00:00Z,36,0.5,0.6451,0.63,
2026-07-23,2026-07-23T18:00:00Z,12,0.5,0.5996,0.63,
2026-07-22,2026-07-23T19:00:00Z,37,0.5,0.6878,0.6733,
2026-07-23,2026-07-23T19:00:00Z,13,0.5,0.6473,0.6733,
2026-07-22,2026-07-23T20:00:00Z,38,0.6,0.7175,0.7167,
2026-07-23,2026-07-23T20:00:00Z,14,0.6,0.6766,0.7167,
2026-07-22,2026-07-23T21:00:00Z,39,0.7,0.7291,0.76,
2026-07-23,2026-07-23T21:00:00Z,15,0.7,0.6671,0.76,
2026-07-22,2026-07-23T22:00:00Z,40,0.7,0.7809,0.7967,
2026-07-23,2026-07-23T22:00:00Z,16,0.7,0.7265,0.7967,
2026-07-22,2026-07-23T23:00:00Z,41,0.7,0.8141,0.8333,
2026-07-23,2026-07-23T23:00:00Z,17,0.7,0.7394,0.8333,
2026-07-22,2026-07-24T00:00:00Z,42,0.8,0.8119,0.87,
2026-07-23,2026-07-24T00:00:00Z,18,0.8,0.7321,0.87,
2026-07-22,2026-07-24T01:00:00Z,43,0.8,0.7904,0.8433,
2026-07-23,2026-07-24T01:00:00Z,19,0.8,0.7332,0.8433,
2026-07-22,2026-07-24T02:00:00Z,44,0.8,0.7875,0.8167,
2026-07-23,2026-07-24T02:00:00Z,20,0.8,0.7286,0.8167,
2026-07-22,2026-07-24T03:00:00Z,45,0.8,0.7474,0.79,
2026-07-23,2026-07-24T03:00:00Z,21,0.8,0.7004,0.79,
2026-07-22,2026-07-24T04:00:00Z,46,0.7,0.7003,0.76,
2026-07-23,2026-07-24T04:00:00Z,22,0.7,0.6659,0.76,
2026-07-22,2026-07-24T05:00:00Z,47,0.7,0.684,0.73,
2026-07-23,2026-07-24T05:00:00Z,23,0.7,0.6468,0.73,
2026-07-22,2026-07-24T06:00:00Z,48,0.6,0.682,0.7,
2026-07-23,2026-07-24T06:00:00Z,24,0.6,0.6467,0.7,
2026-07-23,2026-07-24T07:00:00Z,25,0.5,0.6763,0.68,
2026-07-24,2026-07-24T07:00:00Z,1,0.5,0.7151,0.68,
2026-07-23,2026-07-24T08:00:00Z,26,0.5,0.6013,0.66,
2026-07-24,2026-07-24T08:00:00Z,2,0.5,0.6588,0.66,
2026-07-23,2026-07-24T09:00:00Z,27,0.4,0.5942,0.64,
2026-07-24,2026-07-24T09:00:00Z,3,0.4,0.6591,0.64,
2026-07-23,2026-07-24T10:00:00Z,28,0.5,0.5842,0.66,
2026-07-24,2026-07-24T10:00:00Z,4,0.5,0.6453,0.66,
2026-07-23,2026-07-24T11:00:00Z,29,0.5,0.664,0.68,
2026-07-24,2026-07-24T11:00:00Z,5,0.5,0.7388,0.68,
2026-07-23,2026-07-24T12:00:00Z,30,0.5,0.7315,0.7,
2026-07-24,2026-07-24T12:00:00Z,6,0.5,0.8238,0.7,
2026-07-23,2026-07-24T13:00:00Z,31,0.5,0.7312,0.7567,
2026-07-24,2026-07-24T13:00:00Z,7,0.5,0.8255,0.7567,
2026-07-23,2026-07-24T14:00:00Z,32,0.7,0.8214,0.8133,
2026-07-24,2026-07-24T14:00:00Z,8,0.7,0.9168,0.8133,
2026-07-23,2026-07-24T15:00:00Z,33,0.7,0.8647,0.87,
2026-07-24,2026-07-24T15:00:00Z,9,0.7,0.9623,0.87,
2026-07-23,2026-07-24T16:00:00Z,34,0.8,1.0276,1.01,
2026-07-24,2026-07-24T16:00:00Z,10,0.8,1.12,1.01,
2026-07-23,2026-07-24T17:00:00Z,35,1.0,1.1117,1.15,
2026-07-24,2026-07-24T17:00:00Z,11,1.0,1.2246,1.15,
2026-07-23,2026-07-24T18:00:00Z,36,1.1,1.2294,1.29,
2026-07-24,2026-07-24T18:00:00Z,12,1.1,1.3385,1.29,
2026-07-23,2026-07-24T19:00:00Z,37,1.4,1.2022,1.3167,
2026-07-24,2026-07-24T19:00:00Z,13,1.4,1.3198,1.3167,
2026-07-23,2026-07-24T20:00:00Z,38,1.5,1.3056,1.3433,
2026-07-24,2026-07-24T20:00:00Z,14,1.5,1.4043,1.3433,
2026-07-23,2026-07-24T21:00:00Z,39,1.6,1.3094,1.37,
2026-07-24,2026-07-24T21:00:00Z,15,1.6,1.4118,1.37,
2026-07-23,2026-07-24T22:00:00Z,40,1.8,1.2819,1.3767,
2026-07-24,2026-07-24T22:00:00Z,16,1.8,1.41,1.3767,
2026-07-23,2026-07-24T23:00:00Z,41,2.0,1.3016,1.3833,
2026-07-24,2026-07-24T23:00:00Z,17,2.0,1.4135,1.3833,
2026-07-23,2026-07-25T00:00:00Z,42,2.0,1.3248,1.39,
2026-07-24,2026-07-25T00:00:00Z,18,2.0,1.485,1.39,
2026-07-23,2026-07-25T01:00:00Z,43,2.0,1.4202,1.5033,
2026-07-24,2026-07-25T01:00:00Z,19,2.0,1.5986,1.5033,
2026-07-23,2026-07-25T02:00:00Z,44,1.9,1.5543,1.6167,
2026-07-24,2026-07-25T02:00:00Z,20,1.9,1.7375,1.6167,
2026-07-23,2026-07-25T03:00:00Z,45,2.0,1.6575,1.73,
2026-07-24,2026-07-25T03:00:00Z,21,2.0,1.8453,1.73,
2026-07-23,2026-07-25T04:00:00Z,46,1.9,1.7999,1.7467,
2026-07-24,2026-07-25T04:00:00Z,22,1.9,1.9395,1.7467,
2026-07-23,2026-07-25T05:00:00Z,47,1.9,1.8186,1.7633,
2026-07-24,2026-07-25T05:00:00Z,23,1.9,1.9576,1.7633,
2026-07-23,2026-07-25T06:00:00Z,48,1.8,1.8456,1.78,
2026-07-24,2026-07-25T06:00:00Z,24,1.8,1.9546,1.78,
2026-07-24,2026-07-25T07:00:00Z,25,1.9,1.908,1.7733,
2026-07-25,2026-07-25T07:00:00Z,1,1.9,1.9837,1.7733,
2026-07-24,2026-07-25T08:00:00Z,26,1.8,1.9165,1.7667,
2026-07-25,2026-07-25T08:00:00Z,2,1.8,1.9937,1.7667,
2026-07-24,2026-07-25T09:00:00Z,27,1.7,1.9189,1.76,
2026-07-25,2026-07-25T09:00:00Z,3,1.7,1.9778,1.76,
2026-07-24,2026-07-25T10:00:00Z,28,2.0,1.8549,1.81,
2026-07-25,2026-07-25T10:00:00Z,4,2.0,1.9969,1.81,
2026-07-24,2026-07-25T11:00:00Z,29,2.4,1.8796,1.86,
2026-07-25,2026-07-25T11:00:00Z,5,2.4,2.047,1.86,
2026-07-24,2026-07-25T12:00:00Z,30,2.4,1.8946,1.91,
2026-07-25,2026-07-25T12:00:00Z,6,2.4,2.0546,1.91,
2026-07-24,2026-07-25T13:00:00Z,31,2.6,1.9103,1.93,
2026-07-25,2026-07-25T13:00:00Z,7,2.6,2.0739,1.93,
2026-07-24,2026-07-25T14:00:00Z,32,2.6,1.892,1.95,
2026-07-25,2026-07-25T14:00:00Z,8,2.6,2.0707,1.95,
2026-07-24,2026-07-25T15:00:00Z,33,2.7,1.9411,1.97,
2026-07-25,2026-07-25T15:00:00Z,9,2.7,2.0818,1.97,
2026-07-24,2026-07-25T16:00:00Z,34,2.5,1.844,1.92,
2026-07-25,2026-07-25T16:00:00Z,10,2.5,2.0348,1.92,
2026-07-24,2026-07-25T17:00:00Z,35,2.2,1.8457,1.87,
2026-07-25,2026-07-25T17:00:00Z,11,2.2,2.0292,1.87,
2026-07-24,2026-07-25T18:00:00Z,36,2.5,1.7972,1.82,
2026-07-25,2026-07-25T18:00:00Z,12,2.5,1.9596,1.82,
2026-07-24,2026-07-25T19:00:00Z,37,2.3,1.8092,1.79,
2026-07-25,2026-07-25T19:00:00Z,13,2.3,1.9489,1.79,
2026-07-24,2026-07-25T20:00:00Z,38,2.2,1.7956,1.76,
2026-07-25,2026-07-25T20:00:00Z,14,2.2,1.8726,1.76,
2026-07-24,2026-07-25T21:00:00Z,39,2.1,1.7848,1.73,
2026-07-25,2026-07-25T21:00:00Z,15,2.1,1.8209,1.73,
2026-07-24,2026-07-25T22:00:00Z,40,2.1,1.7725,1.7167,
2026-07-25,2026-07-25T22:00:00Z,16,2.1,1.8287,1.7167,
2026-07-24,2026-07-25T23:00:00Z,41,2.3,1.7398,1.7033,
2026-07-25,2026-07-25T23:00:00Z,17,2.3,1.7885,1.7033,
2026-07-24,2026-07-26T00:00:00Z,42,2.0,1.7506,1.69,
2026-07-25,2026-07-26T00:00:00Z,18,2.0,1.8091,1.69,
2026-07-24,2026-07-26T01:00:00Z,43,2.1,1.7419,1.67,
2026-07-25,2026-07-26T01:00:00Z,19,2.1,1.7985,1.67,
2026-07-24,2026-07-26T02:00:00Z,44,2.0,1.7351,1.65,
2026-07-25,2026-07-26T02:00:00Z,20,2.0,1.7917,1.65,
2026-07-24,2026-07-26T03:00:00Z,45,2.0,1.6913,1.63,
2026-07-25,2026-07-26T03:00:00Z,21,2.0,1.7343,1.63,
2026-07-24,2026-07-26T04:00:00Z,46,1.8,1.6386,1.61,
2026-07-25,2026-07-26T04:00:00Z,22,1.8,1.6593,1.61,
2026-07-24,2026-07-26T05:00:00Z,47,1.8,1.6206,1.59,
2026-07-25,2026-07-26T05:00:00Z,23,1.8,1.642,1.59,
2026-07-24,2026-07-26T06:00:00Z,48,1.7,1.6186,1.57,
2026-07-25,2026-07-26T06:00:00Z,24,1.7,1.6373,1.57,
2026-07-25,2026-07-26T07:00:00Z,25,1.6,1.5955,1.5367,
2026-07-26,2026-07-26T07:00:00Z,1,1.6,1.7188,1.5367,
2026-07-25,2026-07-26T08:00:00Z,26,1.8,1.5804,1.5033,
2026-07-26,2026-07-26T08:00:00Z,2,1.8,1.6996,1.5033,
2026-07-25,2026-07-26T09:00:00Z,27,1.6,1.5428,1.47,
2026-07-26,2026-07-26T09:00:00Z,3,1.6,1.6481,1.47,
2026-07-25,2026-07-26T10:00:00Z,28,1.4,1.4787,1.4467,
2026-07-26,2026-07-26T10:00:00Z,4,1.4,1.5971,1.4467,
2026-07-25,2026-07-26T11:00:00Z,29,1.4,1.4877,1.4233,
2026-07-26,2026-07-26T11:00:00Z,5,1.4,1.6022,1.4233,
2026-07-25,2026-07-26T12:00:00Z,30,1.4,1.4352,1.4,
2026-07-26,2026-07-26T12:00:00Z,6,1.4,1.5324,1.4,
2026-07-25,2026-07-26T13:00:00Z,31,1.4,1.4177,1.36,
2026-07-26,2026-07-26T13:00:00Z,7,1.4,1.5122,1.36,
2026-07-25,2026-07-26T14:00:00Z,32,1.4,1.3482,1.32,
2026-07-26,2026-07-26T14:00:00Z,8,1.4,1.4335,1.32,
2026-07-25,2026-07-26T15:00:00Z,33,1.3,1.3426,1.28,
2026-07-26,2026-07-26T15:00:00Z,9,1.3,1.4268,1.28,
2026-07-25,2026-07-26T16:00:00Z,34,1.3,1.3295,1.2533,
2026-07-26,2026-07-26T16:00:00Z,10,1.3,1.4026,1.2533,
2026-07-25,2026-07-26T17:00:00Z,35,1.2,1.3348,1.2267,
2026-07-26,2026-07-26T17:00:00Z,11,1.2,1.3984,1.2267,
2026-07-25,2026-07-26T18:00:00Z,36,1.3,1.2507,1.2,
2026-07-26,2026-07-26T18:00:00Z,12,1.3,1.2888,1.2,
2026-07-25,2026-07-26T19:00:00Z,37,1.3,1.2236,1.1867,
2026-07-26,2026-07-26T19:00:00Z,13,1.3,1.2482,1.1867,
2026-07-25,2026-07-26T20:00:00Z,38,1.1,1.2236,1.1733,
2026-07-26,2026-07-26T20:00:00Z,14,1.1,1.2239,1.1733,
2026-07-25,2026-07-26T21:00:00Z,39,1.2,1.2099,1.16,
2026-07-26,2026-07-26T21:00:00Z,15,1.2,1.2498,1.16,
2026-07-25,2026-07-26T22:00:00Z,40,1.3,1.2043,1.1667,
2026-07-26,2026-07-26T22:00:00Z,16,1.3,1.267,1.1667,
2026-07-25,2026-07-26T23:00:00Z,41,1.3,1.2042,1.1733,
2026-07-26,2026-07-26T23:00:00Z,17,1.3,1.2724,1.1733,
2026-07-25,2026-07-27T00:00:00Z,42,1.4,1.1866,1.18,
2026-07-26,2026-07-27T00:00:00Z,18,1.4,1.2927,1.18,
2026-07-25,2026-07-27T01:00:00Z,43,1.4,1.2289,1.2,
2026-07-26,2026-07-27T01:00:00Z,19,1.4,1.2894,1.2,
2026-07-25,2026-07-27T02:00:00Z,44,1.2,1.3103,1.22,
2026-07-26,2026-07-27T02:00:00Z,20,1.2,1.3814,1.22,
2026-07-25,2026-07-27T03:00:00Z,45,1.2,1.3197,1.24,
2026-07-26,2026-07-27T03:00:00Z,21,1.2,1.3632,1.24,
2026-07-25,2026-07-27T04:00:00Z,46,1.2,1.3251,1.2533,
2026-07-26,2026-07-27T04:00:00Z,22,1.2,1.3622,1.2533,
2026-07-25,2026-07-27T05:00:00Z,47,1.1,1.3208,1.2667,
2026-07-26,2026-07-27T05:00:00Z,23,1.1,1.3388,1.2667,
2026-07-25,2026-07-27T06:00:00Z,48,1.2,1.2885,1.28,
2026-07-26,2026-07-27T06:00:00Z,24,1.2,1.3173,1.28,
2026-07-26,2026-07-27T07:00:00Z,25,1.2,1.312,1.3,
2026-07-27,2026-07-27T07:00:00Z,1,1.2,1.2168,1.3,
2026-07-26,2026-07-27T08:00:00Z,26,1.1,1.3286,1.32,
2026-07-27,2026-07-27T08:00:00Z,2,1.1,1.2185,1.32,
2026-07-26,2026-07-27T09:00:00Z,27,1.3,1.3722,1.34,
2026-07-27,2026-07-27T09:00:00Z,3,1.3,1.2774,1.34,
2026-07-26,2026-07-27T10:00:00Z,28,1.3,1.413,1.3633,
2026-07-27,2026-07-27T10:00:00Z,4,1.3,1.3275,1.3633,
2026-07-26,2026-07-27T11:00:00Z,29,1.4,1.4226,1.3867,
2026-07-27,2026-07-27T11:00:00Z,5,1.4,1.3306,1.3867,
2026-07-26,2026-07-27T12:00:00Z,30,1.4,1.5054,1.41,
2026-07-27,2026-07-27T12:00:00Z,6,1.4,1.3923,1.41,
2026-07-26,2026-07-27T13:00:00Z,31,1.4,1.4906,1.4167,
2026-07-27,2026-07-27T13:00:00Z,7,1.4,1.3861,1.4167,
2026-07-26,2026-07-27T14:00:00Z,32,1.5,1.5077,1.4233,
2026-07-27,2026-07-27T14:00:00Z,8,1.5,1.4037,1.4233,
2026-07-26,2026-07-27T15:00:00Z,33,1.5,1.5326,1.43,
2026-07-27,2026-07-27T15:00:00Z,9,1.5,1.4256,1.43,
2026-07-26,2026-07-27T16:00:00Z,34,1.4,1.5858,1.46,
2026-07-27,2026-07-27T16:00:00Z,10,1.4,1.4781,1.46,
2026-07-26,2026-07-27T17:00:00Z,35,1.5,1.6215,1.49,
2026-07-27,2026-07-27T17:00:00Z,11,1.5,1.5094,1.49,
2026-07-26,2026-07-27T18:00:00Z,36,1.6,1.6125,1.52,
2026-07-27,2026-07-27T18:00:00Z,12,1.6,1.5021,1.52,
2026-07-26,2026-07-27T19:00:00Z,37,1.6,1.6108,1.5033,
2026-07-27,2026-07-27T19:00:00Z,13,1.6,1.5223,1.5033,
2026-07-26,2026-07-27T20:00:00Z,38,1.5,1.6077,1.4867,
2026-07-27,2026-07-27T20:00:00Z,14,1.5,1.509,1.4867,
2026-07-26,2026-07-27T21:00:00Z,39,1.5,1.5933,1.47,
2026-07-27,2026-07-27T21:00:00Z,15,1.5,1.4841,1.47,
2026-07-26,2026-07-27T22:00:00Z,40,1.5,1.5345,1.4267,
2026-07-27,2026-07-27T22:00:00Z,16,1.5,1.4155,1.4267,
2026-07-26,2026-07-27T23:00:00Z,41,1.5,1.4505,1.3833,
2026-07-27,2026-07-27T23:00:00Z,17,1.5,1.3258,1.3833,
2026-07-26,2026-07-28T00:00:00Z,42,1.4,1.4193,1.34,
2026-07-27,2026-07-28T00:00:00Z,18,1.4,1.2866,1.34,
2026-07-26,2026-07-28T01:00:00Z,43,1.5,1.3733,1.3167,
2026-07-27,2026-07-28T01:00:00Z,19,1.5,1.2554,1.3167,
2026-07-26,2026-07-28T02:00:00Z,44,1.3,1.328,1.2933,
2026-07-27,2026-07-28T02:00:00Z,20,1.3,1.2444,1.2933,
2026-07-26,2026-07-28T03:00:00Z,45,1.3,1.3445,1.27,
2026-07-27,2026-07-28T03:00:00Z,21,1.3,1.2713,1.27,
2026-07-26,2026-07-28T04:00:00Z,46,1.3,1.3591,1.2667,
2026-07-27,2026-07-28T04:00:00Z,22,1.3,1.2523,1.2667,
2026-07-26,2026-07-28T05:00:00Z,47,1.3,1.3242,1.2633,
2026-07-27,2026-07-28T05:00:00Z,23,1.3,1.2484,1.2633,
2026-07-26,2026-07-28T06:00:00Z,48,1.1,1.3286,1.26,
2026-07-27,2026-07-28T06:00:00Z,24,1.1,1.2411,1.26,
2026-07-27,2026-07-28T07:00:00Z,25,1.2,1.2403,1.2733,
2026-07-28,2026-07-28T07:00:00Z,1,1.2,1.1279,1.2733,
2026-07-27,2026-07-28T08:00:00Z,26,1.2,1.2292,1.2867,
2026-07-28,2026-07-28T08:00:00Z,2,1.2,1.1277,1.2867,
2026-07-27,2026-07-28T09:00:00Z,27,1.3,1.22,1.3,
2026-07-28,2026-07-28T09:00:00Z,3,1.3,1.1565,1.3,
2026-07-27,2026-07-28T10:00:00Z,28,1.2,1.2064,1.2933,
2026-07-28,2026-07-28T10:00:00Z,4,1.2,1.1522,1.2933,
2026-07-27,2026-07-28T11:00:00Z,29,1.2,1.2018,1.2867,
2026-07-28,2026-07-28T11:00:00Z,5,1.2,1.1591,1.2867,
2026-07-27,2026-07-28T12:00:00Z,30,1.1,1.228,1.28,
2026-07-28,2026-07-28T12:00:00Z,6,1.1,1.1923,1.28,
2026-07-27,2026-07-28T13:00:00Z,31,1.2,1.2388,1.24,
2026-07-28,2026-07-28T13:00:00Z,7,1.2,1.1656,1.24,
2026-07-27,2026-07-28T14:00:00Z,32,1.0,1.1433,1.2,
2026-07-28,2026-07-28T14:00:00Z,8,1.0,1.054,1.2,
2026-07-27,2026-07-28T15:00:00Z,33,1.0,1.1802,1.16,
2026-07-28,2026-07-28T15:00:00Z,9,1.0,1.0949,1.16,
2026-07-27,2026-07-28T16:00:00Z,34,0.9,1.2066,1.1467,
2026-07-28,2026-07-28T16:00:00Z,10,0.9,1.0977,1.1467,
2026-07-27,2026-07-28T17:00:00Z,35,0.9,1.1624,1.1333,
2026-07-28,2026-07-28T17:00:00Z,11,0.9,1.0398,1.1333,
2026-07-27,2026-07-28T18:00:00Z,36,0.9,1.137,1.12,
2026-07-28,2026-07-28T18:00:00Z,12,0.9,1.0121,1.12,
2026-07-27,2026-07-28T19:00:00Z,37,0.8,1.103,1.0867,
2026-07-28,2026-07-28T19:00:00Z,13,0.8,0.983,1.0867,
2026-07-27,2026-07-28T20:00:00Z,38,0.8,1.0486,1.0533,
2026-07-28,2026-07-28T20:00:00Z,14,0.8,0.932,1.0533,
2026-07-27,2026-07-28T21:00:00Z,39,0.8,1.0301,1.02,
2026-07-28,2026-07-28T21:00:00Z,15,0.8,0.9161,1.02,
2026-07-27,2026-07-28T22:00:00Z,40,0.8,1.0132,0.9933,
2026-07-28,2026-07-28T22:00:00Z,16,0.8,0.9083,0.9933,
2026-07-27,2026-07-28T23:00:00Z,41,0.7,0.9844,0.9667,
2026-07-28,2026-07-28T23:00:00Z,17,0.7,0.8773,0.9667,
2026-07-27,2026-07-29T00:00:00Z,42,0.9,0.942,0.94,
2026-07-28,2026-07-29T00:00:00Z,18,0.9,0.8488,0.94,
2026-07-27,2026-07-29T01:00:00Z,43,0.8,0.9027,0.92,
2026-07-28,2026-07-29T01:00:00Z,19,0.8,0.8219,0.92,
2026-07-27,2026-07-29T02:00:00Z,44,0.8,0.8668,0.9,
2026-07-28,2026-07-29T02:00:00Z,20,0.8,0.791,0.9,
2026-07-27,2026-07-29T03:00:00Z,45,0.9,0.8629,0.88,
2026-07-28,2026-07-29T03:00:00Z,21,0.9,0.7829,0.88,
2026-07-27,2026-07-29T04:00:00Z,46,0.8,0.8283,0.86,
2026-07-28,2026-07-29T04:00:00Z,22,0.8,0.7438,0.86,
2026-07-27,2026-07-29T05:00:00Z,47,0.8,0.8205,0.84,
2026-07-28,2026-07-29T05:00:00Z,23,0.8,0.7633,0.84,
2026-07-27,2026-07-29T06:00:00Z,48,0.8,0.8293,0.82,
2026-07-28,2026-07-29T06:00:00Z,24,0.8,0.7674,0.82,
2026-07-28,2026-07-29T07:00:00Z,25,0.7,0.7412,0.81,
2026-07-29,2026-07-29T07:00:00Z,1,0.7,0.7105,0.81,
2026-07-28,2026-07-29T08:00:00Z,26,0.6,0.7471,0.8,
2026-07-29,2026-07-29T08:00:00Z,2,0.6,0.734,0.8,
2026-07-28,2026-07-29T09:00:00Z,27,0.6,0.7653,0.79,
2026-07-29,2026-07-29T09:00:00Z,3,0.6,0.7337,0.79,
2026-07-28,2026-07-29T10:00:00Z,28,0.7,0.741,0.7767,
2026-07-29,2026-07-29T10:00:00Z,4,0.7,0.6565,0.7767,
2026-07-28,2026-07-29T11:00:00Z,29,0.6,0.7271,0.7633,
2026-07-29,2026-07-29T11:00:00Z,5,0.6,0.6502,0.7633,
2026-07-28,2026-07-29T12:00:00Z,30,0.7,0.7588,0.75,
2026-07-29,2026-07-29T12:00:00Z,6,0.7,0.6751,0.75,
2026-07-28,2026-07-29T13:00:00Z,31,0.6,0.7881,0.75,
2026-07-29,2026-07-29T13:00:00Z,7,0.6,0.6957,0.75,
2026-07-28,2026-07-29T14:00:00Z,32,0.6,0.7822,0.75,
2026-07-29,2026-07-29T14:00:00Z,8,0.6,0.6925,0.75,
2026-07-28,2026-07-29T15:00:00Z,33,0.7,0.7742,0.75,
2026-07-29,2026-07-29T15:00:00Z,9,0.7,0.7237,0.75,
2026-07-28,2026-07-29T16:00:00Z,34,0.7,0.7634,0.7667,
2026-07-29,2026-07-29T16:00:00Z,10,0.7,0.7331,0.7667,
2026-07-28,2026-07-29T17:00:00Z,35,0.7,0.8334,0.7833,
2026-07-29,2026-07-29T17:00:00Z,11,0.7,0.7945,0.7833,
2026-07-28,2026-07-29T18:00:00Z,36,0.7,0.8213,0.8,
2026-07-29,2026-07-29T18:00:00Z,12,0.7,0.7848,0.8,
2026-07-28,2026-07-29T19:00:00Z,37,0.7,0.8366,0.8033,
2026-07-29,2026-07-29T19:00:00Z,13,0.7,0.793,0.8033,
2026-07-28,2026-07-29T20:00:00Z,38,0.7,0.8373,0.8067,
2026-07-29,2026-07-29T20:00:00Z,14,0.7,0.7855,0.8067,
2026-07-28,2026-07-29T21:00:00Z,39,0.7,0.8409,0.81,
2026-07-29,2026-07-29T21:00:00Z,15,0.7,0.7832,0.81,
2026-07-28,2026-07-29T22:00:00Z,40,0.8,0.8454,0.7933,
2026-07-29,2026-07-29T22:00:00Z,16,0.8,0.7887,0.7933,
2026-07-28,2026-07-29T23:00:00Z,41,0.7,0.787,0.7767,
2026-07-29,2026-07-29T23:00:00Z,17,0.7,0.739,0.7767,
2026-07-28,2026-07-30T00:00:00Z,42,0.7,0.7363,0.76,
2026-07-29,2026-07-30T00:00:00Z,18,0.7,0.6849,0.76,
2026-07-28,2026-07-30T01:00:00Z,43,0.7,0.7274,0.7367,
2026-07-29,2026-07-30T01:00:00Z,19,0.7,0.6919,0.7367,
2026-07-28,2026-07-30T02:00:00Z,44,0.7,0.7475,0.7133,
2026-07-29,2026-07-30T02:00:00Z,20,0.7,0.7241,0.7133,
2026-07-28,2026-07-30T03:00:00Z,45,0.6,0.7578,0.69,
2026-07-29,2026-07-30T03:00:00Z,21,0.6,0.7378,0.69,
2026-07-28,2026-07-30T04:00:00Z,46,0.6,0.6767,0.6733,
2026-07-29,2026-07-30T04:00:00Z,22,0.6,0.6274,0.6733,
2026-07-28,2026-07-30T05:00:00Z,47,0.6,0.613,0.6567,
2026-07-29,2026-07-30T05:00:00Z,23,0.6,0.5812,0.6567,
2026-07-28,2026-07-30T06:00:00Z,48,0.6,0.5911,0.64,
2026-07-29,2026-07-30T06:00:00Z,24,0.6,0.5687,0.64,
2026-07-29,2026-07-30T07:00:00Z,25,0.5,0.5986,0.63,
2026-07-30,2026-07-30T07:00:00Z,1,0.5,0.6095,0.63,
2026-07-29,2026-07-30T08:00:00Z,26,0.6,0.5968,0.62,
2026-07-30,2026-07-30T08:00:00Z,2,0.6,0.6078,0.62,
2026-07-29,2026-07-30T09:00:00Z,27,0.5,0.5722,0.61,
2026-07-30,2026-07-30T09:00:00Z,3,0.5,0.5872,0.61,
2026-07-29,2026-07-30T10:00:00Z,28,0.6,0.5509,0.61,
2026-07-30,2026-07-30T10:00:00Z,4,0.6,0.5623,0.61,
2026-07-29,2026-07-30T11:00:00Z,29,0.5,0.5492,0.61,
2026-07-30,2026-07-30T11:00:00Z,5,0.5,0.5699,0.61,
2026-07-29,2026-07-30T12:00:00Z,30,0.6,0.5437,0.61,
2026-07-30,2026-07-30T12:00:00Z,6,0.6,0.5652,0.61,
2026-07-29,2026-07-30T13:00:00Z,31,0.6,0.5431,0.61,
2026-07-30,2026-07-30T13:00:00Z,7,0.6,0.5638,0.61,
2026-07-29,2026-07-30T14:00:00Z,32,0.6,0.5399,0.61,
2026-07-30,2026-07-30T14:00:00Z,8,0.6,0.564,0.61,
2026-07-29,2026-07-30T15:00:00Z,33,0.6,0.5483,0.61,
2026-07-30,2026-07-30T15:00:00Z,9,0.6,0.5686,0.61,
2026-07-29,2026-07-30T16:00:00Z,34,0.6,0.5669,0.6067,
2026-07-30,2026-07-30T16:00:00Z,10,0.6,0.5804,0.6067,
2026-07-29,2026-07-30T17:00:00Z,35,0.5,0.572,0.6033,
2026-07-30,2026-07-30T17:00:00Z,11,0.5,0.5855,0.6033,
2026-07-29,2026-07-30T18:00:00Z,36,0.5,0.5376,0.6,
2026-07-30,2026-07-30T18:00:00Z,12,0.5,0.5486,0.6,
2026-07-29,2026-07-30T19:00:00Z,37,0.5,0.548,0.59,
2026-07-30,2026-07-30T19:00:00Z,13,0.5,0.5614,0.59,
2026-07-29,2026-07-30T20:00:00Z,38,0.5,0.5377,0.58,
2026-07-30,2026-07-30T20:00:00Z,14,0.5,0.5592,0.58,
2026-07-29,2026-07-30T21:00:00Z,39,0.5,0.4942,0.57,
2026-07-30,2026-07-30T21:00:00Z,15,0.5,0.5155,0.57,
2026-07-29,2026-07-30T22:00:00Z,40,0.5,0.4859,0.56,
2026-07-30,2026-07-30T22:00:00Z,16,0.5,0.5084,0.56,
2026-07-29,2026-07-30T23:00:00Z,41,0.5,0.4577,0.55,
2026-07-30,2026-07-30T23:00:00Z,17,0.5,0.4786,0.55,
2026-07-29,2026-07-31T00:00:00Z,42,0.5,0.4597,0.54,
2026-07-30,2026-07-31T00:00:00Z,18,0.5,0.4822,0.54,
2026-07-29,2026-07-31T01:00:00Z,43,0.5,0.4469,0.54,
2026-07-30,2026-07-31T01:00:00Z,19,0.5,0.4755,0.54,
2026-07-29,2026-07-31T02:00:00Z,44,0.5,0.4399,0.54,
2026-07-30,2026-07-31T02:00:00Z,20,0.5,0.4708,0.54,
2026-07-29,2026-07-31T03:00:00Z,45,0.5,0.4215,0.54,
2026-07-30,2026-07-31T03:00:00Z,21,0.5,0.453,0.54,
2026-07-29,2026-07-31T04:00:00Z,46,0.5,0.4252,0.5467,
2026-07-30,2026-07-31T04:00:00Z,22,0.5,0.4575,0.5467,
2026-07-29,2026-07-31T05:00:00Z,47,0.5,0.4347,0.5533,
2026-07-30,2026-07-31T05:00:00Z,23,0.5,0.4682,0.5533,
2026-07-29,2026-07-31T06:00:00Z,48,0.5,0.4828,0.56,
2026-07-30,2026-07-31T06:00:00Z,24,0.5,0.5082,0.56,
2026-07-30,2026-07-31T07:00:00Z,25,0.5,0.4855,0.5567,
2026-07-31,2026-07-31T07:00:00Z,1,0.5,0.523,0.5567,
2026-07-30,2026-07-31T08:00:00Z,26,0.5,0.4466,0.5533,
2026-07-31,2026-07-31T08:00:00Z,2,0.5,0.4855,0.5533,
2026-07-30,2026-07-31T09:00:00Z,27,0.5,0.4713,0.55,
2026-07-31,2026-07-31T09:00:00Z,3,0.5,0.5082,0.55,
2026-07-30,2026-07-31T10:00:00Z,28,0.5,0.4649,0.5367,
2026-07-31,2026-07-31T10:00:00Z,4,0.5,0.5083,0.5367,
2026-07-30,2026-07-31T11:00:00Z,29,0.5,0.464,0.5233,
2026-07-31,2026-07-31T11:00:00Z,5,0.5,0.5188,0.5233,
2026-07-30,2026-07-31T12:00:00Z,30,0.5,0.4616,0.51,
2026-07-31,2026-07-31T12:00:00Z,6,0.5,0.483,0.51,
2026-07-30,2026-07-31T13:00:00Z,31,0.5,0.4568,0.5,
2026-07-31,2026-07-31T13:00:00Z,7,0.5,0.4837,0.5,
2026-07-30,2026-07-31T14:00:00Z,32,0.5,0.4614,0.49,
2026-07-31,2026-07-31T14:00:00Z,8,0.5,0.4875,0.49,
2026-07-30,2026-07-31T15:00:00Z,33,0.5,0.4755,0.48,
2026-07-31,2026-07-31T15:00:00Z,9,0.5,0.491,0.48,
2026-07-30,2026-07-31T16:00:00Z,34,0.5,0.4881,0.5033,
2026-07-31,2026-07-31T16:00:00Z,10,0.5,0.5015,0.5033,
2026-07-30,2026-07-31T17:00:00Z,35,0.5,0.4913,0.5267,
2026-07-31,2026-07-31T17:00:00Z,11,0.5,0.5249,0.5267,
2026-07-30,2026-07-31T18:00:00Z,36,0.5,0.4903,0.55,
2026-07-31,2026-07-31T18:00:00Z,12,0.5,0.526,0.55,
2026-07-30,2026-07-31T19:00:00Z,37,0.4,0.4878,0.5267,
2026-07-31,2026-07-31T19:00:00Z,13,0.4,0.5272,0.5267,
2026-07-30,2026-07-31T20:00:00Z,38,0.5,0.499,0.5033,
2026-07-31,2026-07-31T20:00:00Z,14,0.5,0.5171,0.5033,
2026-07-30,2026-07-31T21:00:00Z,39,0.5,0.4968,0.48,
2026-07-31,2026-07-31T21:00:00Z,15,0.5,0.5031,0.48,
2026-07-30,2026-07-31T22:00:00Z,40,0.5,0.4905,0.4733,
2026-07-31,2026-07-31T22:00:00Z,16,0.5,0.5002,0.4733,
2026-07-30,2026-07-31T23:00:00Z,41,0.5,0.4808,0.4667,
2026-07-31,2026-07-31T23:00:00Z,17,0.5,0.4814,0.4667,
2026-07-30,2026-08-01T00:00:00Z,42,0.5,0.4626,0.46,
2026-07-31,2026-08-01T00:00:00Z,18,0.5,0.4647,0.46,
2026-07-30,2026-08-01T01:00:00Z,43,0.5,0.4384,0.4667,
2026-07-31,2026-08-01T01:00:00Z,19,0.5,0.4588,0.4667,
2026-07-30,2026-08-01T02:00:00Z,44,0.5,0.438,0.4733,
2026-07-31,2026-08-01T02:00:00Z,20,0.5,0.4598,0.4733,
2026-07-30,2026-08-01T03:00:00Z,45,0.6,0.4266,0.48,
2026-07-31,2026-08-01T03:00:00Z,21,0.6,0.4502,0.48,
2026-07-30,2026-08-01T04:00:00Z,46,0.7,0.4295,0.51,
2026-07-31,2026-08-01T04:00:00Z,22,0.7,0.4811,0.51,
2026-07-30,2026-08-01T05:00:00Z,47,0.7,0.4195,0.54,
2026-07-31,2026-08-01T05:00:00Z,23,0.7,0.5008,0.54,
2026-07-30,2026-08-01T06:00:00Z,48,0.7,0.4629,0.57,
2026-07-31,2026-08-01T06:00:00Z,24,0.7,0.538,0.57,
2026-07-31,2026-08-01T07:00:00Z,25,0.8,0.5878,0.5833,
2026-08-01,2026-08-01T07:00:00Z,1,0.8,0.6298,0.5833,
2026-07-31,2026-08-01T08:00:00Z,26,0.8,0.5923,0.5967,
2026-08-01,2026-08-01T08:00:00Z,2,0.8,0.6271,0.5967,
2026-07-31,2026-08-01T09:00:00Z,27,0.7,0.6222,0.61,
2026-08-01,2026-08-01T09:00:00Z,3,0.7,0.6623,0.61,
2026-07-31,2026-08-01T10:00:00Z,28,0.6,0.6126,0.61,
2026-08-01,2026-08-01T10:00:00Z,4,0.6,0.6462,0.61,
2026-07-31,2026-08-01T11:00:00Z,29,0.6,0.6354,0.61,
2026-08-01,2026-08-01T11:00:00Z,5,0.6,0.6642,0.61,
2026-07-31,2026-08-01T12:00:00Z,30,0.6,0.6122,0.61,
2026-08-01,2026-08-01T12:00:00Z,6,0.6,0.6461,0.61,
2026-07-31,2026-08-01T13:00:00Z,31,0.6,0.6176,0.61,
2026-08-01,2026-08-01T13:00:00Z,7,0.6,0.6499,0.61,
2026-07-31,2026-08-01T14:00:00Z,32,0.6,0.6176,0.61,
2026-08-01,2026-08-01T14:00:00Z,8,0.6,0.6499,0.61,
2026-07-31,2026-08-01T15:00:00Z,33,0.6,0.638,0.61,
2026-08-01,2026-08-01T15:00:00Z,9,0.6,0.6777,0.61,
2026-07-31,2026-08-01T16:00:00Z,34,0.7,0.6653,0.6133,
2026-08-01,2026-08-01T16:00:00Z,10,0.7,0.7007,0.6133,
2026-07-31,2026-08-01T17:00:00Z,35,0.7,0.6745,0.6167,
2026-08-01,2026-08-01T17:00:00Z,11,0.7,0.7074,0.6167,
2026-07-31,2026-08-01T18:00:00Z,36,0.7,0.6756,0.62,
2026-08-01,2026-08-01T18:00:00Z,12,0.7,0.7062,0.62,
2026-07-31,2026-08-01T19:00:00Z,37,0.7,0.6877,0.6267,
2026-08-01,2026-08-01T19:00:00Z,13,0.7,0.716,0.6267,
2026-07-31,2026-08-01T20:00:00Z,38,0.8,0.6845,0.6333,
2026-08-01,2026-08-01T20:00:00Z,14,0.8,0.7104,0.6333,
2026-07-31,2026-08-01T21:00:00Z,39,0.7,0.6879,0.64,
2026-08-01,2026-08-01T21:00:00Z,15,0.7,0.7135,0.64,
2026-07-31,2026-08-01T22:00:00Z,40,0.7,0.6882,0.6367,
2026-08-01,2026-08-01T22:00:00Z,16,0.7,0.7202,0.6367,
2026-07-31,2026-08-01T23:00:00Z,41,0.7,0.6794,0.6333,
2026-08-01,2026-08-01T23:00:00Z,17,0.7,0.6888,0.6333,
2026-07-31,2026-08-02T00:00:00Z,42,0.7,0.6593,0.63,
2026-08-01,2026-08-02T00:00:00Z,18,0.7,0.6633,0.63,
2026-07-31,2026-08-02T01:00:00Z,43,0.6,0.6711,0.6233,
2026-08-01,2026-08-02T01:00:00Z,19,0.6,0.6609,0.6233,
2026-07-31,2026-08-02T02:00:00Z,44,0.6,0.6722,0.6167,
2026-08-01,2026-08-02T02:00:00Z,20,0.6,0.6619,0.6167,
2026-07-31,2026-08-02T03:00:00Z,45,0.6,0.6443,0.61,
2026-08-01,2026-08-02T03:00:00Z,21,0.6,0.6294,0.61,
2026-07-31,2026-08-02T04:00:00Z,46,0.6,0.6447,0.6067,
2026-08-01,2026-08-02T04:00:00Z,22,0.6,0.6153,0.6067,
2026-07-31,2026-08-02T05:00:00Z,47,0.6,0.6455,0.6033,
2026-08-01,2026-08-02T05:00:00Z,23,0.6,0.6214,0.6033,
2026-07-31,2026-08-02T06:00:00Z,48,0.7,0.6,0.6,
2026-08-01,2026-08-02T06:00:00Z,24,0.7,0.589,0.6,
2026-08-01,2026-08-02T07:00:00Z,25,0.8,0.5947,0.6,
2026-08-02,2026-08-02T07:00:00Z,1,0.8,0.5625,0.64,meteofrance_wave
2026-08-01,2026-08-02T08:00:00Z,26,0.8,0.6302,0.6,
2026-08-02,2026-08-02T08:00:00Z,2,0.8,0.5601,0.64,meteofrance_wave
2026-08-01,2026-08-02T09:00:00Z,27,0.8,0.6534,0.6,
2026-08-02,2026-08-02T09:00:00Z,3,0.8,0.5812,0.64,meteofrance_wave
2026-08-01,2026-08-02T10:00:00Z,28,0.7,0.6588,0.63,
2026-08-02,2026-08-02T10:00:00Z,4,0.7,0.6019,0.66,meteofrance_wave
2026-08-01,2026-08-02T11:00:00Z,29,0.7,0.6664,0.66,
2026-08-02,2026-08-02T11:00:00Z,5,0.7,0.6284,0.7,meteofrance_wave
2026-08-01,2026-08-02T12:00:00Z,30,0.7,0.7416,0.69,
2026-08-02,2026-08-02T12:00:00Z,6,0.7,0.6674,0.72,meteofrance_wave
2026-08-01,2026-08-02T13:00:00Z,31,0.7,0.6785,0.67,
2026-08-02,2026-08-02T13:00:00Z,7,0.7,0.6722,0.7,meteofrance_wave
2026-08-01,2026-08-02T14:00:00Z,32,0.7,0.704,0.65,
2026-08-02,2026-08-02T14:00:00Z,8,0.7,0.6483,0.68,meteofrance_wave
2026-08-01,2026-08-02T15:00:00Z,33,0.7,0.7271,0.63,
2026-08-02,2026-08-02T15:00:00Z,9,0.7,0.6474,0.66,meteofrance_wave
2026-08-01,2026-08-02T16:00:00Z,34,0.7,0.7401,0.6367,
2026-08-02,2026-08-02T16:00:00Z,10,0.7,0.6716,0.68,meteofrance_wave
2026-08-01,2026-08-02T17:00:00Z,35,0.7,0.7262,0.6433,
2026-08-02,2026-08-02T17:00:00Z,11,0.7,0.6837,0.68,meteofrance_wave
2026-08-01,2026-08-02T18:00:00Z,36,0.7,0.7322,0.65,
2026-08-02,2026-08-02T18:00:00Z,12,0.7,0.6904,0.7,meteofrance_wave
2026-08-01,2026-08-02T19:00:00Z,37,0.7,0.7816,0.6633,
2026-08-02,2026-08-02T19:00:00Z,13,0.7,0.6888,0.7,meteofrance_wave
2026-08-01,2026-08-02T20:00:00Z,38,0.7,0.785,0.6767,
2026-08-02,2026-08-02T20:00:00Z,14,0.7,0.7141,0.72,meteofrance_wave
2026-08-01,2026-08-02T21:00:00Z,39,0.7,0.8148,0.69,
2026-08-02,2026-08-02T21:00:00Z,15,0.7,0.709,0.72,meteofrance_wave
2026-08-01,2026-08-02T22:00:00Z,40,0.7,0.8193,0.6833,
2026-08-02,2026-08-02T22:00:00Z,16,0.7,0.7026,0.72,meteofrance_wave
2026-08-01,2026-08-02T23:00:00Z,41,0.7,0.7337,0.6767,
2026-08-02,2026-08-02T23:00:00Z,17,0.7,0.6993,0.72,meteofrance_wave
2026-08-01,2026-08-03T00:00:00Z,42,0.7,0.7056,0.67,
2026-08-02,2026-08-03T00:00:00Z,18,0.7,0.7096,0.72,meteofrance_wave
2026-08-01,2026-08-03T01:00:00Z,43,0.7,0.7282,0.6533,
2026-08-02,2026-08-03T01:00:00Z,19,0.7,0.6874,0.7,meteofrance_wave
2026-08-01,2026-08-03T02:00:00Z,44,0.8,0.6894,0.6367,
2026-08-02,2026-08-03T02:00:00Z,20,0.8,0.6629,0.68,meteofrance_wave
2026-08-01,2026-08-03T03:00:00Z,45,0.7,0.7084,0.62,
2026-08-02,2026-08-03T03:00:00Z,21,0.7,0.6424,0.66,meteofrance_wave
2026-08-01,2026-08-03T04:00:00Z,46,0.7,0.6354,0.6,
2026-08-02,2026-08-03T04:00:00Z,22,0.7,0.6165,0.64,meteofrance_wave
2026-08-01,2026-08-03T05:00:00Z,47,0.7,0.6263,0.58,
2026-08-02,2026-08-03T05:00:00Z,23,0.7,0.5727,0.6,meteofrance_wave
2026-08-01,2026-08-03T06:00:00Z,48,0.6,0.5026,0.56,
2026-08-02,2026-08-03T06:00:00Z,24,0.6,0.5523,0.58,meteofrance_wave
2026-08-02,2026-08-03T07:00:00Z,25,0.6,0.5063,0.56,meteofrance_wave
2026-08-03,2026-08-03T07:00:00Z,1,0.6,0.4995,0.56,meteofrance_wave
2026-08-02,2026-08-03T08:00:00Z,26,0.5,0.5006,0.56,meteofrance_wave
2026-08-03,2026-08-03T08:00:00Z,2,0.5,0.4938,0.56,meteofrance_wave
2026-08-02,2026-08-03T09:00:00Z,27,0.5,0.515,0.54,meteofrance_wave
2026-08-03,2026-08-03T09:00:00Z,3,0.5,0.5082,0.54,meteofrance_wave
2026-08-02,2026-08-03T10:00:00Z,28,0.5,0.5008,0.54,meteofrance_wave
2026-08-03,2026-08-03T10:00:00Z,4,0.5,0.4904,0.54,meteofrance_wave
2026-08-02,2026-08-03T11:00:00Z,29,0.4,0.5071,0.52,meteofrance_wave
2026-08-03,2026-08-03T11:00:00Z,5,0.4,0.4959,0.52,meteofrance_wave
2026-08-02,2026-08-03T12:00:00Z,30,0.4,0.5022,0.52,meteofrance_wave
2026-08-03,2026-08-03T12:00:00Z,6,0.4,0.4908,0.52,meteofrance_wave
2026-08-02,2026-08-03T13:00:00Z,31,0.4,0.4893,0.52,meteofrance_wave
2026-08-03,2026-08-03T13:00:00Z,7,0.4,0.472,0.5,meteofrance_wave
2026-08-02,2026-08-03T14:00:00Z,32,0.4,0.4677,0.52,meteofrance_wave
2026-08-03,2026-08-03T14:00:00Z,8,0.4,0.4608,0.5,meteofrance_wave
2026-08-02,2026-08-03T15:00:00Z,33,0.5,0.4641,0.52,meteofrance_wave
2026-08-03,2026-08-03T15:00:00Z,9,0.5,0.4541,0.48,meteofrance_wave
2026-08-02,2026-08-03T16:00:00Z,34,0.4,0.4777,0.54,meteofrance_wave
2026-08-03,2026-08-03T16:00:00Z,10,0.4,0.4608,0.48,meteofrance_wave
2026-08-02,2026-08-03T17:00:00Z,35,0.4,0.5059,0.58,meteofrance_wave
2026-08-03,2026-08-03T17:00:00Z,11,0.4,0.4747,0.48,meteofrance_wave
2026-08-02,2026-08-03T18:00:00Z,36,0.5,0.532,0.6,meteofrance_wave
2026-08-03,2026-08-03T18:00:00Z,12,0.5,0.4997,0.48,meteofrance_wave
2026-08-02,2026-08-03T19:00:00Z,37,0.5,0.5174,0.58,meteofrance_wave
2026-08-03,2026-08-03T19:00:00Z,13,0.5,0.481,0.48,meteofrance_wave
2026-08-02,2026-08-03T20:00:00Z,38,0.4,0.5121,0.58,meteofrance_wave
2026-08-03,2026-08-03T20:00:00Z,14,0.4,0.4358,0.46,meteofrance_wave
2026-08-02,2026-08-03T21:00:00Z,39,0.4,0.4939,0.56,meteofrance_wave
2026-08-03,2026-08-03T21:00:00Z,15,0.4,0.4192,0.46,meteofrance_wave
2026-08-02,2026-08-03T22:00:00Z,40,0.4,0.4714,0.54,meteofrance_wave
2026-08-03,2026-08-03T22:00:00Z,16,0.4,0.4087,0.46,meteofrance_wave
2026-08-02,2026-08-03T23:00:00Z,41,0.4,0.4695,0.52,meteofrance_wave
2026-08-03,2026-08-03T23:00:00Z,17,0.4,0.3979,0.44,meteofrance_wave
2026-08-02,2026-08-04T00:00:00Z,42,0.4,0.4622,0.5,meteofrance_wave
2026-08-03,2026-08-04T00:00:00Z,18,0.4,0.4072,0.44,meteofrance_wave
2026-08-02,2026-08-04T01:00:00Z,43,0.4,0.46,0.5,meteofrance_wave
2026-08-03,2026-08-04T01:00:00Z,19,0.4,0.4045,0.44,meteofrance_wave
2026-08-02,2026-08-04T02:00:00Z,44,0.4,0.4432,0.48,meteofrance_wave
2026-08-03,2026-08-04T02:00:00Z,20,0.4,0.4074,0.42,meteofrance_wave
2026-08-02,2026-08-04T03:00:00Z,45,0.4,0.4434,0.48,meteofrance_wave
2026-08-03,2026-08-04T03:00:00Z,21,0.4,0.4291,0.42,meteofrance_wave
2026-08-02,2026-08-04T04:00:00Z,46,0.4,0.4486,0.48,meteofrance_wave
2026-08-03,2026-08-04T04:00:00Z,22,0.4,0.4234,0.42,meteofrance_wave
2026-08-02,2026-08-04T05:00:00Z,47,0.4,0.4357,0.46,meteofrance_wave
2026-08-03,2026-08-04T05:00:00Z,23,0.4,0.4246,0.42,meteofrance_wave
2026-08-02,2026-08-04T06:00:00Z,48,0.4,0.4479,0.46,meteofrance_wave
2026-08-03,2026-08-04T06:00:00Z,24,0.4,0.4117,0.42,meteofrance_wave
2026-08-03,2026-08-04T07:00:00Z,25,0.4,0.4087,0.42,meteofrance_wave
2026-08-04,2026-08-04T07:00:00Z,1,0.4,0.3993,0.46,meteofrance_wave
2026-08-03,2026-08-04T08:00:00Z,26,0.4,0.4109,0.42,meteofrance_wave
2026-08-04,2026-08-04T08:00:00Z,2,0.4,0.409,0.46,meteofrance_wave
2026-08-03,2026-08-04T09:00:00Z,27,0.4,0.3985,0.42,meteofrance_wave
2026-08-04,2026-08-04T09:00:00Z,3,0.4,0.4076,0.46,meteofrance_wave
2026-08-03,2026-08-04T10:00:00Z,28,0.4,0.4109,0.42,meteofrance_wave
2026-08-04,2026-08-04T10:00:00Z,4,0.4,0.3967,0.46,meteofrance_wave
2026-08-03,2026-08-04T11:00:00Z,29,0.4,0.4334,0.44,meteofrance_wave
2026-08-04,2026-08-04T11:00:00Z,5,0.4,0.4122,0.48,meteofrance_wave
2026-08-03,2026-08-04T12:00:00Z,30,0.4,0.4554,0.44,meteofrance_wave
2026-08-04,2026-08-04T12:00:00Z,6,0.4,0.407,0.48,meteofrance_wave
2026-08-03,2026-08-04T13:00:00Z,31,0.4,0.4864,0.46,meteofrance_wave
2026-08-04,2026-08-04T13:00:00Z,7,0.4,0.4363,0.5,meteofrance_wave
2026-08-03,2026-08-04T14:00:00Z,32,0.4,0.4891,0.46,meteofrance_wave
2026-08-04,2026-08-04T14:00:00Z,8,0.4,0.4435,0.5,meteofrance_wave
2026-08-03,2026-08-04T15:00:00Z,33,0.4,0.4946,0.48,meteofrance_wave
2026-08-04,2026-08-04T15:00:00Z,9,0.5,0.4615,0.52,meteofrance_wave
2026-08-03,2026-08-04T16:00:00Z,34,0.5,0.4964,0.5,meteofrance_wave
2026-08-04,2026-08-04T16:00:00Z,10,0.4,0.4609,0.52,meteofrance_wave
2026-08-03,2026-08-04T17:00:00Z,35,0.5,0.4927,0.5,meteofrance_wave
2026-08-04,2026-08-04T17:00:00Z,11,0.5,0.4516,0.52,meteofrance_wave
2026-08-03,2026-08-04T18:00:00Z,36,0.4,0.5072,0.52,meteofrance_wave
2026-08-04,2026-08-04T18:00:00Z,12,0.4,0.4521,0.52,meteofrance_wave
2026-08-03,2026-08-04T19:00:00Z,37,0.5,0.5094,0.52,meteofrance_wave
2026-08-04,2026-08-04T19:00:00Z,13,0.5,0.459,0.52,meteofrance_wave
2026-08-03,2026-08-04T20:00:00Z,38,0.5,0.512,0.52,meteofrance_wave
2026-08-04,2026-08-04T20:00:00Z,14,0.5,0.4618,0.52,meteofrance_wave
2026-08-03,2026-08-04T21:00:00Z,39,0.5,0.5012,0.52,meteofrance_wave
2026-08-04,2026-08-04T21:00:00Z,15,0.5,0.4579,0.52,meteofrance_wave
2026-08-03,2026-08-04T22:00:00Z,40,0.5,0.4868,0.52,meteofrance_wave
2026-08-04,2026-08-04T22:00:00Z,16,0.5,0.4503,0.52,meteofrance_wave
2026-08-03,2026-08-04T23:00:00Z,41,0.5,0.4839,0.54,meteofrance_wave
2026-08-04,2026-08-04T23:00:00Z,17,0.5,0.4449,0.52,meteofrance_wave
2026-08-03,2026-08-05T00:00:00Z,42,0.6,0.4926,0.54,meteofrance_wave
2026-08-04,2026-08-05T00:00:00Z,18,0.6,0.4581,0.52,meteofrance_wave
2026-08-03,2026-08-05T01:00:00Z,43,0.6,0.5084,0.54,meteofrance_wave
2026-08-04,2026-08-05T01:00:00Z,19,0.6,0.4676,0.52,meteofrance_wave
2026-08-03,2026-08-05T02:00:00Z,44,0.5,0.5325,0.56,meteofrance_wave
2026-08-04,2026-08-05T02:00:00Z,20,0.5,0.4722,0.52,meteofrance_wave
2026-08-03,2026-08-05T03:00:00Z,45,0.5,0.5467,0.56,meteofrance_wave
2026-08-04,2026-08-05T03:00:00Z,21,0.5,0.48,0.52,meteofrance_wave
2026-08-03,2026-08-05T04:00:00Z,46,0.5,0.577,0.56,meteofrance_wave
2026-08-04,2026-08-05T04:00:00Z,22,0.5,0.5044,0.54,meteofrance_wave
2026-08-03,2026-08-05T05:00:00Z,47,0.6,0.5755,0.56,meteofrance_wave
2026-08-04,2026-08-05T05:00:00Z,23,0.6,0.5029,0.54,meteofrance_wave
2026-08-03,2026-08-05T06:00:00Z,48,0.6,0.5716,0.56,meteofrance_wave
2026-08-04,2026-08-05T06:00:00Z,24,0.6,0.4962,0.56,meteofrance_wave
2026-08-04,2026-08-05T07:00:00Z,25,0.6,0.485,0.56,meteofrance_wave
2026-08-04,2026-08-05T08:00:00Z,26,0.6,0.4934,0.58,meteofrance_wave
2026-08-04,2026-08-05T09:00:00Z,27,0.6,0.4921,0.58,meteofrance_wave
2026-08-04,2026-08-05T10:00:00Z,28,0.6,0.5041,0.6,meteofrance_wave
2026-08-04,2026-08-05T11:00:00Z,29,0.6,0.5283,0.64,meteofrance_wave
